episodio,reward_total,epsilon,buffer,loss
1,-0.15708502024286702,0.985074875,68,1.7005747159322102
2,9.479865771811944,0.5290920728090721,193,1.5960611917318837
3,-0.16261682242989978,0.33195389135223546,287,1.0073096819462315
4,43.93322475569997,0.17829525136613786,412,0.9369227727574687
5,31.944444444444102,0.09576389217857617,537,0.994518002915767
6,165.15151515151766,0.049911691230058335,871,1.2679484321011438
7,21.11428571428562,0.049911691230058335,1003,1.4997008781851704
8,31.15671641791011,0.049911691230058335,1128,1.5881727169598303
9,164.85057034220836,0.049911691230058335,1415,1.547199383273825
10,36.944680851063225,0.049911691230058335,1611,1.600336900429848
11,174.9140893470822,0.049911691230058335,1945,1.6876003006557088
12,-0.06666666666671017,0.049911691230058335,2043,1.694385149429754
13,53.092334494773326,0.049911691230058335,2168,1.6678949084974104
14,-0.25369774919612464,0.049911691230058335,2201,1.7461885698139668
15,43.32634730538891,0.049911691230058335,2346,1.6150143763257399
16,5.821299638988986,0.049911691230058335,2471,1.6876509891402336
17,-0.2764331210190677,0.049911691230058335,2525,1.6708337518404115
18,-0.11496062992120637,0.049911691230058335,2591,1.5531719501201924
19,68.10324909747362,0.049911691230058335,2725,1.523640745564511
20,22.149122807017136,0.049911691230058335,2850,1.579656181316222
21,274.1258741258749,0.049911691230058335,3184,1.648256690115542
22,275.838926174499,0.049911691230058335,3518,1.7116428329063966
23,6.136363636363475,0.049911691230058335,3643,1.7427405743829665
24,131.5121387283257,0.049911691230058335,3879,1.700786033843426
25,23.431899641576898,0.049911691230058335,4004,1.7642866613403443
26,97.51419141914292,0.049911691230058335,4152,1.7438893760142684
27,68.3020477815706,0.049911691230058335,4277,1.6906256579583692
28,248.38709677419712,0.049911691230058335,4611,1.7515288000708227
29,19.103773584905234,0.049911691230058335,4736,1.7226723182585932
30,302.5739130434755,0.049911691230058335,5068,1.8137646277865613
31,154.40971786834086,0.049911691230058335,5337,1.900809590496234
32,29.637809187278663,0.049911691230058335,5462,1.8555322106807464
33,146.2798586572452,0.049911691230058335,5634,1.8379194192719042
34,96.72209737827797,0.049911691230058335,5786,1.8134528390619138
35,19.35618729096955,0.049911691230058335,5911,1.8232746393449846
36,110.74965034965093,0.049911691230058335,6043,1.9318615798731797
37,111.01749174917556,0.049911691230058335,6256,1.837982401532947
38,9.01162790697646,0.049911691230058335,6381,1.7775448680885377
39,73.22664359861656,0.049911691230058335,6506,1.7837917016398521
40,11.189138576778676,0.049911691230058335,6631,1.818499732402063
41,364.44661654134626,0.049911691230058335,6945,1.888393687935302
42,38.10137457044639,0.049911691230058335,7070,1.868907856364404
43,78.02346570397239,0.049911691230058335,7195,1.837734563696769
44,155.23333333333522,0.049911691230058335,7372,1.8449859151786023
45,-0.28823529411773496,0.049911691230058335,7471,1.914526115874855
46,444.77242524916477,0.049911691230058335,7716,1.977249240288969
47,339.3075601374526,0.049911691230058335,7971,1.9316617456946785
48,270.3090909090898,0.049911691230058335,8173,1.9524519496889257
49,67.45626822157556,0.049911691230058335,8298,1.9206699959693416
50,211.33728813559458,0.049911691230058335,8441,1.8839795446731675
51,381.1888888888845,0.049911691230058335,8675,2.11386863151845
52,313.17972508590435,0.049911691230058335,8914,2.034076896034369
53,113.37719298245759,0.049911691230058335,9039,2.110105740447198
54,625.5639097744235,0.049911691230058335,9373,2.050159673433046
55,719.8529411764556,0.049911691230058335,9707,2.054436096199998
56,718.1818181818056,0.049911691230058335,10041,2.3276917809122675
57,443.54354354353586,0.049911691230058335,10375,2.2438858751062156
58,39.42307692307668,0.049911691230058335,10500,2.201816157948586
59,622.7722772277127,0.049911691230058335,10834,2.1938983141122996
60,543.0868167202465,0.049911691230058335,11168,2.1436484529449418
61,474.8684563758338,0.049911691230058335,11386,2.491030676573652
62,278.2588424437283,0.049911691230058335,11541,2.306142647545059
63,91.03333333333418,0.049911691230058335,11682,2.4524793812206815
64,130.2526315789486,0.049911691230058335,11818,2.309694934774328
65,494.3810810810716,0.049911691230058335,12107,2.275697470539146
66,441.9666666666593,0.049911691230058335,12356,2.621025812241339
67,131.67293233082867,0.049911691230058335,12481,2.5526994735963884
68,614.2857142856991,0.049911691230058335,12815,2.5109763345918856
69,235.79293680297542,0.049911691230058335,12946,2.527608674306136
70,-0.04291187739458491,0.049911691230058335,13010,2.578498543254913
71,821.6417910447587,0.049911691230058335,13344,2.653039968049562
72,123.21428571428731,0.049911691230058335,13469,2.5552020918938423
73,56.01331058020605,0.049911691230058335,13575,2.5349972009658814
74,278.9926421404673,0.049911691230058335,13771,5.311308198097425
75,676.271186440666,0.049911691230058335,14105,3.309180963146794
76,366.7515723270398,0.049911691230058335,14350,4.126367247495495
77,517.0070422535149,0.049911691230058335,14575,4.021925476512739
78,-0.09152542372886185,0.049911691230058335,14677,2.8180468578149775
79,698.1764705882264,0.049911691230058335,14987,2.761061793777935
80,505.40817843865364,0.049911691230058335,15223,4.778020348447434
81,352.84999999999786,0.049911691230058335,15401,3.2651892442487727
82,366.38965517240746,0.049911691230058335,15582,5.2805912335713705
83,723.4405797101382,0.049911691230058335,15900,4.107582991431564
84,805.9233449477201,0.049911691230058335,16234,3.613716572254628
85,871.119133574,0.049911691230058335,16568,3.781055745061811
86,326.81528239202373,0.049911691230058335,16730,3.922184201501171
87,363.84223826714435,0.049911691230058335,16877,3.7655333705144387
88,243.73993610223837,0.049911691230058335,17023,4.833985440484408
89,241.9879432624133,0.049911691230058335,17162,3.509722697562066
90,468.30602006688247,0.049911691230058335,17407,4.12547327065077
91,247.81480362537948,0.049911691230058335,17588,6.089358135726717
92,94.90418118467036,0.049911691230058335,17713,3.756624710175299
93,414.28421052630796,0.049911691230058335,17911,3.9675341148666923
94,833.4714285714127,0.049911691230058335,18228,3.2215877741198
95,424.28132295719155,0.049911691230058335,18435,3.5076638610617628
96,831.7246753246585,0.049911691230058335,18747,4.772903391019325
97,801.3622516556177,0.049911691230058335,19078,4.582132651589133
98,468.42622950819185,0.049911691230058335,19298,3.9426015631793296
99,860.1521739130355,0.049911691230058335,19583,4.406172173123964
100,476.61682847895787,0.049911691230058335,19785,3.7156901205357036
101,323.98648648648464,0.049911691230058335,19910,4.483291137603022
102,454.1187499999931,0.049911691230058335,20102,7.294864726940375
103,210.84437086092845,0.049911691230058335,20227,6.532498678853435
104,898.3271477663052,0.049911691230058335,20543,4.991765116131495
105,667.3060606060437,0.049911691230058335,20854,4.503240416511413
106,337.28888888888446,0.049911691230058335,21026,5.080375979518332
107,402.04324324324244,0.049911691230058335,21330,5.21220062392773
108,825.3473282442654,0.049911691230058335,21645,5.349097845660653
109,920.8999999999941,0.049911691230058335,21909,5.152150492704413
110,440.30344827585606,0.049911691230058335,22085,4.969732717786516
111,401.89288389512774,0.049911691230058335,22231,5.615575767385549
112,429.24576271185805,0.049911691230058335,22416,5.298088724198549
113,914.8999999999847,0.049911691230058335,22700,5.06560124019852
114,663.4085603112756,0.049911691230058335,22940,5.51305612061313
115,620.0076923076822,0.049911691230058335,23181,5.215060924490293
116,405.85395189003117,0.049911691230058335,23386,5.604845931716993
117,885.2411764705694,0.049911691230058335,23695,5.093804568439335
118,398.57959183672887,0.049911691230058335,23863,5.389604671272689
119,221.2859424920145,0.049911691230058335,23988,5.310644036339175
120,566.166666666658,0.049911691230058335,24223,6.026172023553115
121,144.4967741935499,0.049911691230058335,24365,6.495267323568358
122,498.5375886524772,0.049911691230058335,24559,5.915132832650694
123,384.85326460480786,0.049911691230058335,24708,6.847283350454794
124,611.1200692041476,0.049911691230058335,24897,5.49899389895987
125,367.6486692015191,0.049911691230058335,25053,7.098340334430818
126,895.1999999999855,0.049911691230058335,25319,7.267526211828556
127,592.0627450980301,0.049911691230058335,25535,5.604909967821698
128,468.549999999996,0.049911691230058335,25744,6.736030689798868
129,759.960839160828,0.049911691230058335,26008,8.126376041441363
130,879.7428571428433,0.049911691230058335,26266,7.349811020528296
131,412.533451957292,0.049911691230058335,26433,7.662557494209473
132,311.95946843853653,0.049911691230058335,26567,7.561730479835568
133,328.0074918566735,0.049911691230058335,26744,7.572488130493597
134,305.1896103896056,0.049911691230058335,26928,6.781628684267972
135,536.4897810218913,0.049911691230058335,27147,7.0889591853553
136,337.94329896907004,0.049911691230058335,27292,7.74495375321971
137,306.90134680134526,0.049911691230058335,27425,8.351383931709059
138,29.16666666666623,0.049911691230058335,27550,9.406160616105602
139,254.753594771242,0.049911691230058335,27703,8.092951871846852
140,743.2124999999884,0.049911691230058335,27960,7.053740402683616
141,443.89999999999395,0.049911691230058335,28147,7.816543061246154
142,793.7882352941056,0.049911691230058335,28403,9.302973339604396
143,364.4463667820053,0.049911691230058335,28653,8.68862302906542
144,267.5829912023436,0.049911691230058335,28807,6.793982719284257
145,825.9982456140217,0.049911691230058335,29118,8.057357300481488
146,105.35714285714432,0.049911691230058335,29243,8.959876043181266
147,321.65492957746307,0.049911691230058335,29368,10.448918242608347
148,500.20955414011803,0.049911691230058335,29569,7.737021325826645
149,525.5066889632013,0.049911691230058335,29824,9.726657306115458
150,833.566666666659,0.049911691230058335,30101,8.861483933269113
151,144.95614035087848,0.049911691230058335,30226,8.925055801868439
152,421.57952522254624,0.049911691230058335,30433,9.503297295385194
153,634.7980132450267,0.049911691230058335,30668,9.468079001475603
154,151.3888888888904,0.049911691230058335,30793,8.372090583847415
155,300.33783783783616,0.049911691230058335,30918,8.906157455136698
156,285.45820895522274,0.049911691230058335,31061,11.0965863130462
157,301.72553191489203,0.049911691230058335,31190,9.083673018962145
158,783.5115942028871,0.049911691230058335,31501,9.871711967068334
159,247.76645768025176,0.049911691230058335,31626,8.364243201671108
160,431.2767123287638,0.049911691230058335,31798,9.033430381127966
161,860.832203389816,0.049911691230058335,32115,11.336218135266364
162,317.22675159235223,0.049911691230058335,32289,8.900411925563922
163,82.50000000000156,0.049911691230058335,32414,10.57848673289822
164,307.0481481481463,0.049911691230058335,32551,8.884652242941016
165,923.6999999999871,0.049911691230058335,32806,10.041043908577265
166,111.59090909091069,0.049911691230058335,32931,12.142757338862266
167,567.5862068965441,0.049911691230058335,33131,11.465090326328374
168,140.2777777777794,0.049911691230058335,33256,10.057800527541868
169,359.1618556701007,0.049911691230058335,33399,11.197080956378453
170,91.10338983051015,0.049911691230058335,33536,10.79530104118235
171,605.1851963746063,0.049911691230058335,33845,11.58108759468252
172,384.00793650793156,0.049911691230058335,34020,11.73980740021015
173,790.0620689655034,0.049911691230058335,34306,13.401170211925841
174,317.6111111111099,0.049911691230058335,34451,10.259285463227165
175,834.5454545454377,0.049911691230058335,34785,10.85286784959627
176,325.1181818181762,0.049911691230058335,34974,11.252840341405665
177,919.9999999999931,0.049911691230058335,35241,12.017079283420305
178,558.4491525423662,0.049911691230058335,35436,11.711780427657452
179,404.96167247386376,0.049911691230058335,35596,10.991012318329242
180,238.72377622377732,0.049911691230058335,35721,11.461745060259297
181,866.7859649122641,0.049911691230058335,36013,13.334131113032704
182,13.214521452146442,0.049911691230058335,36120,10.512028538955832
183,854.7624113475065,0.049911691230058335,36415,12.520000829177649
184,641.8571428571322,0.049911691230058335,36685,12.85461780484281
185,825.9440677965958,0.049911691230058335,36994,17.43187726782514
186,585.0164179104406,0.049911691230058335,37233,13.403890403378911
187,468.85252525251764,0.049911691230058335,37421,13.668315436113327
188,803.4971530248981,0.049911691230058335,37732,13.410388054386262
189,871.2187499999884,0.049911691230058335,37992,13.62042287325767
190,865.0349650349486,0.049911691230058335,38326,15.892847831542785
191,413.7796747967421,0.049911691230058335,38505,15.595260973726765
192,292.98360655737304,0.049911691230058335,38665,16.430882978739227
193,562.436032388657,0.049911691230058335,38828,15.772399808153693
194,765.7830188679144,0.049911691230058335,39093,17.29461146845962
195,98.68677042801694,0.049911691230058335,39218,16.04727357433688
196,536.6207951070246,0.049911691230058335,39468,18.11470220558136
197,27.662585034014484,0.049911691230058335,39565,16.53037783006827
198,348.49257950529875,0.049911691230058335,39699,16.564007167529343
199,857.7902255638946,0.049911691230058335,39960,16.234171867370605
200,725.779661016937,0.049911691230058335,40230,17.672494115439488
201,626.5384615384532,0.049911691230058335,40480,19.041205691525256
202,304.67435897435513,0.049911691230058335,40661,19.10924574004279
203,40.78321167883317,0.049911691230058335,40752,21.13172533777025
204,460.97902097901596,0.049911691230058335,40952,19.506711121180548
205,363.8822525597205,0.049911691230058335,41127,17.307892360906493
206,692.1918032786779,0.049911691230058335,41388,18.01108790727762
207,447.78054607507966,0.049911691230058335,41545,17.05584073983706
208,807.4645161290218,0.049911691230058335,41797,19.18740488713481
209,861.0795918367257,0.049911691230058335,42090,17.801157307951417
210,852.3171821305664,0.049911691230058335,42399,17.17889793043013
211,915.399999999987,0.049911691230058335,42681,21.785331076150264
212,589.8102473498174,0.049911691230058335,42894,18.316446819395388
213,417.7678200692015,0.049911691230058335,43047,15.778222573430915
214,430.0452830188614,0.049911691230058335,43211,16.61368559620863
215,775.7771241829902,0.049911691230058335,43490,18.813942319197622
216,103.52564102564247,0.049911691230058335,43615,22.054605745500133
217,827.8879598662035,0.049911691230058335,43910,18.17919041510342
218,597.3140845070324,0.049911691230058335,44149,16.368293696090955
219,412.0607973421862,0.049911691230058335,44348,18.063092337714302
220,846.9204460966407,0.049911691230058335,44660,19.653473472288567
221,283.31911262798354,0.049911691230058335,44785,21.62507750142005
222,344.98658146964675,0.049911691230058335,44913,18.045124538301483
223,741.9117647058647,0.049911691230058335,45247,20.274965614169925
224,673.4341085271279,0.049911691230058335,45457,19.5727948092958
225,461.816793893127,0.049911691230058335,45597,18.723858847034922
226,397.53584905659983,0.049911691230058335,45731,22.05839300514164
227,764.9574297188665,0.049911691230058335,45979,20.57700268170129
228,820.1310861423129,0.049911691230058335,46229,20.263985664490235
229,876.0273972602557,0.049911691230058335,46563,17.938858720991348
230,761.3101449275308,0.049911691230058335,46791,21.231896837377338
231,423.6355932203312,0.049911691230058335,47006,21.301698080847196
232,832.5256227757875,0.049911691230058335,47327,20.40686039328575
233,840.2734177215092,0.049911691230058335,47659,20.31928805930377
234,782.1656050955198,0.049911691230058335,47993,20.974001798543846
235,-10.660990712072973,0.049911691230058335,48109,16.3835466094639
236,344.2944983818736,0.049911691230058335,48299,26.351215877230207
237,523.6278688524535,0.049911691230058335,48488,24.958658096638132
238,799.4498127340734,0.049911691230058335,48757,27.02818763078149
239,441.6048780487767,0.049911691230058335,48911,23.36728252460754
240,620.822388059693,0.049911691230058335,49160,22.509406370501363
241,376.74916387959496,0.049911691230058335,49320,20.752107218376494
242,312.2371517027847,0.049911691230058335,49466,22.42113496846166
243,387.3296296296264,0.049911691230058335,49607,20.908546127591816
244,275.73333333333244,0.049911691230058335,49799,22.99670675787002
245,347.1153846153829,0.049911691230058335,49924,26.670969740036995
246,875.8217391304264,0.049911691230058335,50000,24.483927338870604
247,873.5973597359628,0.049911691230058335,50000,22.859279795809908
248,862.3181818181682,0.049911691230058335,50000,25.350018420002677
249,373.6338345864624,0.049911691230058335,50000,22.122255729906488
250,374.3666666666647,0.049911691230058335,50000,22.964967601639884
251,306.3596491228041,0.049911691230058335,50000,27.434353813048332
252,872.3253521126599,0.049911691230058335,50000,26.605134829002267
253,474.6755244755216,0.049911691230058335,50000,31.887429890488132
254,827.1546583850778,0.049911691230058335,50000,23.090425952587253
255,887.3653061224352,0.049911691230058335,50000,29.625565392630442
256,334.29470198675136,0.049911691230058335,50000,30.199414767228163
257,130.4389312977115,0.049911691230058335,50000,33.53282884628542
258,397.90851063829496,0.049911691230058335,50000,31.88043733879372
259,852.148148148132,0.049911691230058335,50000,27.508287035185717
260,303.26433121018874,0.049911691230058335,50000,28.229020741678053
261,421.6131147540924,0.049911691230058335,50000,28.835972738581777
262,496.37499999999307,0.049911691230058335,50000,28.310531392622224
263,322.83630363036133,0.049911691230058335,50000,24.158235686165945
264,91.62912912913056,0.049911691230058335,50000,29.27195705136945
265,889.6588235293983,0.049911691230058335,50000,26.760850073962377
266,877.8859649122667,0.049911691230058335,50000,27.84648938817302
267,262.5071240105524,0.049911691230058335,50000,27.889279621099334
268,862.4794520547765,0.049911691230058335,50000,29.19882591642608
269,298.0263157894715,0.049911691230058335,50000,26.991311484767543
270,376.76666666666443,0.049911691230058335,50000,27.837397597052835
271,859.1079365079258,0.049911691230058335,50000,28.149088889244467
272,835.8181818181632,0.049911691230058335,50000,27.8107396367949
273,285.36048109965475,0.049911691230058335,50000,30.47136109716752
274,901.3788530465835,0.049911691230058335,50000,33.4152394230686
275,332.999999999997,0.049911691230058335,50000,28.987817235987823
276,802.6250859106389,0.049911691230058335,50000,37.54901556298137
277,509.4934579439192,0.049911691230058335,50000,32.10069489360449
278,258.06860158311014,0.049911691230058335,50000,31.015625623786974
279,724.6189189189073,0.049911691230058335,50000,36.16023801720661
280,898.9429118773882,0.049911691230058335,50000,33.898327971205994
281,835.1324414715554,0.049911691230058335,50000,29.326689343435483
282,416.0311475409787,0.049911691230058335,50000,26.55077922985118
283,836.1111111111018,0.049911691230058335,50000,29.348510478709912
284,753.454545454535,0.049911691230058335,50000,32.236080205590156
285,313.8213675213634,0.049911691230058335,50000,36.71246909559443
286,889.521212121199,0.049911691230058335,50000,34.516317604983
287,874.6106312292283,0.049911691230058335,50000,30.380706898895376
288,861.4322033898161,0.049911691230058335,50000,34.93918092691215
289,864.1264604810825,0.049911691230058335,50000,37.05906060033112
290,899.3705882352793,0.049911691230058335,50000,30.423610601574183
291,264.38679245282844,0.049911691230058335,50000,31.836335197571785
292,875.5641509433859,0.049911691230058335,50000,35.4347257581022
293,832.2135593220228,0.049911691230058335,50000,30.919216194628184
294,543.1053691275082,0.049911691230058335,50000,33.05894668342531
295,846.6875370919767,0.049911691230058335,50000,33.72055825842432
296,926.4999999999908,0.049911691230058335,50000,38.04119852331818
297,849.4047619047483,0.049911691230058335,50000,34.21026294295852
298,382.97142857142586,0.049911691230058335,50000,37.331554153897116
299,388.9412844036638,0.049911691230058335,50000,36.71976893220968
300,624.2105263157805,0.049911691230058335,50000,36.993308719079096
301,880.9377162629684,0.049911691230058335,50000,36.14136940839122
302,883.7451612903124,0.049911691230058335,50000,33.49549030221027
303,880.4986754966803,0.049911691230058335,50000,31.766914007647724
304,373.10728476820975,0.049911691230058335,50000,28.997504015322086
305,882.8540925266808,0.049911691230058335,50000,32.991462291437685
306,816.9329073482311,0.049911691230058335,50000,35.443229497731984
307,865.7287671232697,0.049911691230058335,50000,35.20134577350082
308,790.2999999999859,0.049911691230058335,50000,33.00046036547462
309,387.5363636363577,0.049911691230058335,50000,29.662172153431882
310,509.3475783475693,0.049911691230058335,50000,34.087642769626136
311,376.318791946306,0.049911691230058335,50000,33.705071734143544
312,647.5865671641699,0.049911691230058335,50000,29.563144127527874
313,849.4047619047509,0.049911691230058335,50000,33.11077541488785
314,322.2833333333313,0.049911691230058335,50000,30.25418007033212
315,868.4542586750654,0.049911691230058335,50000,32.0289726744185
316,530.2575875486327,0.049911691230058335,50000,35.67187399244578
317,382.0918215613355,0.049911691230058335,50000,28.332582121310026
318,898.2174825174678,0.049911691230058335,50000,31.65882546220507
319,895.2562499999884,0.049911691230058335,50000,30.089704795570224
320,392.4069182389892,0.049911691230058335,50000,29.0428452169573
321,687.2999999999935,0.049911691230058335,50000,31.69584443935981
322,325.94705882352815,0.049911691230058335,50000,39.64478425703187
323,815.6320284697374,0.049911691230058335,50000,32.122739942291936
324,433.24782608694954,0.049911691230058335,50000,40.06939176381645
325,395.4617100371716,0.049911691230058335,50000,37.63858971895871
326,894.5109890109775,0.049911691230058335,50000,34.06299803667008
327,457.07142857142395,0.049911691230058335,50000,43.13084273524099
328,900.8665551839277,0.049911691230058335,50000,33.27370492509893
329,400.19999999999624,0.049911691230058335,50000,43.25000519030022
330,883.4007092198501,0.049911691230058335,50000,30.249047030750503
331,573.3666666666583,0.049911691230058335,50000,31.25585945674351
332,360.89740259740097,0.049911691230058335,50000,37.03582129271134
333,350.075460122694,0.049911691230058335,50000,29.779058660070103
334,850.2404833836666,0.049911691230058335,50000,36.1773439751488
335,674.4532467532367,0.049911691230058335,50000,38.80816907485326
336,843.9937293729275,0.049911691230058335,50000,33.474411838285384
337,288.7263157894708,0.049911691230058335,50000,38.61568647200061
338,309.0870967741916,0.049911691230058335,50000,28.120785632500283
339,829.6636085626711,0.049911691230058335,50000,35.474267590153325
340,444.88178694157597,0.049911691230058335,50000,38.701239903767906
341,910.6788732394197,0.049911691230058335,50000,34.231841960706205
342,924.7999999999896,0.049911691230058335,50000,34.90415459823608
343,823.8410596026371,0.049911691230058335,50000,29.40109356602391
344,875.1993127147605,0.049911691230058335,50000,35.27973377663371
345,868.3047619047447,0.049911691230058335,50000,40.22493389718402
346,835.4449477351772,0.049911691230058335,50000,40.76402060952905
347,703.7974683544187,0.049911691230058335,50000,39.22611811640742
348,400.02344322344004,0.049911691230058335,50000,51.759961821816184
349,327.2306748466236,0.049911691230058335,50000,41.24363317108154
350,406.45522388059,0.049911691230058335,50000,29.92652090116479
351,747.8964401294322,0.049911691230058335,50000,35.477737821974195
352,848.8154121863681,0.049911691230058335,50000,33.99255191196095
353,356.95825242718166,0.049911691230058335,50000,43.085994362831116
354,782.6559322033739,0.049911691230058335,50000,33.25942163060351
355,374.5875444839812,0.049911691230058335,50000,47.980167206422784
356,391.06993006992803,0.049911691230058335,50000,30.18780697223752
357,320.36301369862736,0.049911691230058335,50000,29.57711661734232
358,764.7474576271059,0.049911691230058335,50000,40.081481463425646
359,299.8783475783445,0.049911691230058335,50000,31.838067392759687
360,830.1909090908957,0.049911691230058335,50000,34.14270873834159
361,843.6619718309713,0.049911691230058335,50000,45.92372437783548
362,851.0628975264858,0.049911691230058335,50000,32.322199416082924
363,633.4610951008514,0.049911691230058335,50000,38.61053291901585
364,843.8362318840489,0.049911691230058335,50000,48.53340443261236
365,832.2580645161179,0.049911691230058335,50000,44.99234095278445
366,662.7808510638193,0.049911691230058335,50000,32.68768025847042
367,775.9868686868514,0.049911691230058335,50000,36.94780790341365
368,486.9992907801361,0.049911691230058335,50000,24.784681325056116
369,287.409747292416,0.049911691230058335,50000,37.285091361691876
370,821.2621621621428,0.049911691230058335,50000,29.5088135611932
371,383.9559386973142,0.049911691230058335,50000,39.2025424895748
372,343.1228373702402,0.049911691230058335,50000,34.84124654339206
373,839.0913183279586,0.049911691230058335,50000,50.792044122642444
374,840.7302013422648,0.049911691230058335,50000,37.7937885155112
375,895.9626459143881,0.049911691230058335,50000,29.921650101156796
376,601.7153024910957,0.049911691230058335,50000,39.78149697219083
377,268.2028391167165,0.049911691230058335,50000,41.21650277098564
378,519.687261146489,0.049911691230058335,50000,48.036233048005535
379,613.831506849304,0.049911691230058335,50000,41.8577993037337
380,798.6397350993252,0.049911691230058335,50000,38.4784457330072
381,838.053097345125,0.049911691230058335,50000,45.37537363413218
382,264.3625698324015,0.049911691230058335,50000,39.96115138497151
383,308.48975265017424,0.049911691230058335,50000,34.278175422668454
384,163.88888888889062,0.049911691230058335,50000,46.54926750736852
385,814.6270758122647,0.049911691230058335,50000,37.87792010503272
386,275.44964028776707,0.049911691230058335,50000,37.80140402240138
387,869.7885196374409,0.049911691230058335,50000,40.70650201803213
388,917.9999999999884,0.049911691230058335,50000,33.75815775804904
389,491.19929078013763,0.049911691230058335,50000,44.323750653109705
390,326.86666666666173,0.049911691230058335,50000,45.17947533925374
391,727.9589970501387,0.049911691230058335,50000,43.31667979558309
392,876.6883720930173,0.049911691230058335,50000,33.879999983544444
393,839.7181818181647,0.049911691230058335,50000,38.683488493651346
394,518.602702702696,0.049911691230058335,50000,40.906452680120665
395,821.0931034482597,0.049911691230058335,50000,46.332276242119924
396,302.8508771929796,0.049911691230058335,50000,53.28952701630131
397,814.8264984227018,0.049911691230058335,50000,39.87561303788835
398,219.46594427244756,0.049911691230058335,50000,30.392160138776227
399,789.4333333333221,0.049911691230058335,50000,39.14071835004366
400,626.6562724014256,0.049911691230058335,50000,40.86933007063689
401,921.0999999999891,0.049911691230058335,50000,55.192464369853944
402,870.8128113878868,0.049911691230058335,50000,40.97147623289053
403,899.6119402984942,0.049911691230058335,50000,42.44899698942324
404,923.899999999993,0.049911691230058335,50000,41.379714652954824
405,847.7120300751723,0.049911691230058335,50000,37.28985586389899
406,804.3287925696475,0.049911691230058335,50000,38.045148995063755
407,392.0405228758144,0.049911691230058335,50000,41.19381542070538
408,886.0715302490989,0.049911691230058335,50000,48.95781748084461
409,796.3620689655023,0.049911691230058335,50000,36.27634408979705
410,916.1617021276504,0.049911691230058335,50000,49.569477042052974
411,345.02307692307255,0.049911691230058335,50000,29.67002352448397
412,904.742857142843,0.049911691230058335,50000,41.71539727444779
413,440.12777777777194,0.049911691230058335,50000,45.06953966681333
414,869.6073929960972,0.049911691230058335,50000,42.696497824552246
415,869.9758389261593,0.049911691230058335,50000,35.593166567307314
416,601.951655629134,0.049911691230058335,50000,35.96555603027344
417,863.2545454545304,0.049911691230058335,50000,38.106912008571975
418,373.8475177304942,0.049911691230058335,50000,43.04508215381253
419,892.2221843003232,0.049911691230058335,50000,44.5803649113096
420,557.1790697674367,0.049911691230058335,50000,44.21879276937368
421,865.861952861937,0.049911691230058335,50000,55.93691635461827
422,900.3783972125304,0.049911691230058335,50000,33.443596656505875
423,883.7352941176308,0.049911691230058335,50000,36.08450304739403
424,547.6631921824036,0.049911691230058335,50000,37.16246377124688
425,826.7667752442811,0.049911691230058335,50000,43.09245285597004
426,893.8703703703573,0.049911691230058335,50000,45.90933932657317
427,876.4429530201173,0.049911691230058335,50000,44.65238811339822
428,850.3892988929811,0.049911691230058335,50000,45.0819235606627
429,844.4548172757371,0.049911691230058335,50000,56.58489633573068
430,813.4238907849651,0.049911691230058335,50000,47.16807396223455
431,883.8320610686943,0.049911691230058335,50000,46.847985076167866
432,850.1727272727135,0.049911691230058335,50000,38.33090169355273
433,876.1172413792947,0.049911691230058335,50000,52.16442075401846
434,882.5267100977021,0.049911691230058335,50000,48.00188162986269
435,714.1421383647653,0.049911691230058335,50000,42.50282666691682
436,359.2982817869372,0.049911691230058335,50000,56.657010090896506
437,862.7423841059501,0.049911691230058335,50000,47.05273777917521
438,851.9029739776832,0.049911691230058335,50000,35.875481568329725
439,860.502092050199,0.049911691230058335,50000,57.659541642845575
440,883.7172839506098,0.049911691230058335,50000,41.770217418670654
441,880.5299663299514,0.049911691230058335,50000,48.2810337401273
442,775.8714285714152,0.049911691230058335,50000,42.21105161193729
443,519.1160839160776,0.049911691230058335,50000,52.0058815357297
444,341.93262411347337,0.049911691230058335,50000,39.23874021345569
445,374.44290429042314,0.049911691230058335,50000,39.64548264814345
446,899.0945578231205,0.049911691230058335,50000,52.0287347070102
447,865.3126984126881,0.049911691230058335,50000,53.362564035083935
448,874.4947368420901,0.049911691230058335,50000,43.244468472064185
449,818.5667752442788,0.049911691230058335,50000,40.48612086264579
450,777.0057761732758,0.049911691230058335,50000,52.04044913896274
451,634.9257861635067,0.049911691230058335,50000,44.62595442916816
452,325.92937062936653,0.049911691230058335,50000,44.991570794904554
453,289.2716535433044,0.049911691230058335,50000,51.04197040680916
454,385.47342657342404,0.049911691230058335,50000,43.32328735379612
455,317.01505016722246,0.049911691230058335,50000,36.58858230037074
456,756.7117647058691,0.049911691230058335,50000,42.40427985376688
457,780.3763975155091,0.049911691230058335,50000,40.43375075126672
458,845.0325581395253,0.049911691230058335,50000,53.06477250479978
459,251.57794676806216,0.049911691230058335,50000,51.36085018695601
460,825.3246753246572,0.049911691230058335,50000,46.76833777384715
461,789.0807570977787,0.049911691230058335,50000,46.94815911728734
462,895.6736842105129,0.049911691230058335,50000,56.22370485729641
463,840.3973509933661,0.049911691230058335,50000,41.74780337302177
464,795.5888888888715,0.049911691230058335,50000,55.06992916599397
465,798.5929328621763,0.049911691230058335,50000,51.8880308674713
466,829.4478527607251,0.049911691230058335,50000,49.30936904139705
467,917.8999999999937,0.049911691230058335,50000,52.68783332140018
468,307.47297297297064,0.049911691230058335,50000,58.20318042698191
469,852.0764705882257,0.049911691230058335,50000,51.345402279415644
470,822.4857142856977,0.049911691230058335,50000,42.1942759623293
471,868.9179487179392,0.049911691230058335,50000,51.49090430061772
472,363.32193308549734,0.049911691230058335,50000,41.257588102328064
473,413.14377682403017,0.049911691230058335,50000,66.25414247666636
474,723.2676737159944,0.049911691230058335,50000,56.39055304577126
475,824.0598540145842,0.049911691230058335,50000,55.19922963747255
476,258.6783439490425,0.049911691230058335,50000,43.169932980691236
477,275.88028169013864,0.049911691230058335,50000,40.162435508543446
478,814.8506024096246,0.049911691230058335,50000,51.54233764354999
479,883.3316546762444,0.049911691230058335,50000,45.55866192653775
480,856.2883720930113,0.049911691230058335,50000,49.167989208233244
481,755.6611940298382,0.049911691230058335,50000,47.13039536569633
482,488.43846153845755,0.049911691230058335,50000,46.672576075250454
483,262.8412969283263,0.049911691230058335,50000,58.97825430285546
484,845.654237288124,0.049911691230058335,50000,43.58198401628635
485,851.8033898304959,0.049911691230058335,50000,45.13828666201245
486,809.2754601226874,0.049911691230058335,50000,48.13580755198874
487,844.5985915492791,0.049911691230058335,50000,43.720350177920594
488,695.6122807017439,0.049911691230058335,50000,61.513781452178954
489,612.1137931034392,0.049911691230058335,50000,34.5908492231369
490,851.8546762589782,0.049911691230058335,50000,37.57525051764722
491,835.2670411984934,0.049911691230058335,50000,48.31504536887347
492,338.8944281524879,0.049911691230058335,50000,51.92719056871202
493,883.6345323740877,0.049911691230058335,50000,40.04470676061057
494,728.3034482758518,0.049911691230058335,50000,46.63990347662637
495,890.2300613496822,0.049911691230058335,50000,62.330489806187
496,511.4802816901366,0.049911691230058335,50000,46.98687614951023
497,798.7937499999896,0.049911691230058335,50000,39.95469445387523
498,301.1316770186279,0.049911691230058335,50000,62.63448383446896
499,839.6017064846252,0.049911691230058335,50000,45.14367864061804
500,605.6376623376551,0.049911691230058335,50000,39.81772893540403
501,892.5332225913506,0.049911691230058335,50000,61.72739158736335
502,761.0271903323097,0.049911691230058335,50000,36.1935694239161
503,901.1181818181676,0.049911691230058335,50000,58.45664916465532
504,817.2988929889219,0.049911691230058335,50000,57.68568269977011
505,835.0687074829854,0.049911691230058335,50000,38.957564890384674
506,861.4206896551568,0.049911691230058335,50000,42.621141188654
507,857.3180505415093,0.049911691230058335,50000,51.93039922566377
508,684.4161290322498,0.049911691230058335,50000,43.40946263836739
509,294.9430379746824,0.049911691230058335,50000,45.97569986599595
510,650.1144876324992,0.049911691230058335,50000,44.27352380966392
511,807.4228956228789,0.049911691230058335,50000,41.098262985411765
512,854.0241134751666,0.049911691230058335,50000,48.35495467204244
513,886.8721649484369,0.049911691230058335,50000,45.9454291277316
514,343.0970149253691,0.049911691230058335,50000,35.711738271097985
515,863.6782312925089,0.049911691230058335,50000,47.08867284830879
516,882.0676056337868,0.049911691230058335,50000,51.65899199496657
517,811.9228956228809,0.049911691230058335,50000,42.238945014185184
518,897.9697416974086,0.049911691230058335,50000,41.584047479591824
519,818.4952978056258,0.049911691230058335,50000,44.309265036482714
520,897.4115107913507,0.049911691230058335,50000,52.4281523512492
521,825.4657807308859,0.049911691230058335,50000,52.70733484540667
522,390.3657439446346,0.049911691230058335,50000,31.134838424623013
523,909.8651245551501,0.049911691230058335,50000,39.50702606685578
524,874.1423841059521,0.049911691230058335,50000,37.382167957045816
525,885.5888086642541,0.049911691230058335,50000,48.315895838122216
526,799.61428571427,0.049911691230058335,50000,47.26379447550207
527,383.20278745644265,0.049911691230058335,50000,39.1681006198793
528,840.8311688311538,0.049911691230058335,50000,41.07324797214228
529,729.1012987012869,0.049911691230058335,50000,59.21385657735717
530,857.4037037036843,0.049911691230058335,50000,48.46825253367424
531,885.2308157099494,0.049911691230058335,50000,46.47080354278666
532,766.5151202749024,0.049911691230058335,50000,49.03036420875125
533,347.1153846153828,0.049911691230058335,50000,53.60664506112376
534,708.9791946308613,0.049911691230058335,50000,59.01475242346771
535,864.8900343642445,0.049911691230058335,50000,47.088227631724
536,794.188448844875,0.049911691230058335,50000,52.19303265253703
537,506.8707818929993,0.049911691230058335,50000,43.28726913997105
538,606.6411764705798,0.049911691230058335,50000,44.00900663229135
539,937.6999999999958,0.049911691230058335,50000,52.959391478755045
540,808.2515151515004,0.049911691230058335,50000,63.57866344381781
541,875.6454545454401,0.049911691230058335,50000,46.947793975131205
542,908.7587301587225,0.049911691230058335,50000,46.797361816535016
543,865.0300353356741,0.049911691230058335,50000,48.0841286753265
544,856.2728813559186,0.049911691230058335,50000,44.68455985542778
545,792.2125391849338,0.049911691230058335,50000,39.62822689931901
546,842.6281588447546,0.049911691230058335,50000,50.91066195748069
547,828.0959731543478,0.049911691230058335,50000,45.1091466055976
548,887.6352941176315,0.049911691230058335,50000,42.16093269667302
549,790.5325443786792,0.049911691230058335,50000,58.59358735127492
550,858.5079422382611,0.049911691230058335,50000,49.83451873211821
551,847.2475728155173,0.049911691230058335,50000,48.995707931032605
552,851.3901960784168,0.049911691230058335,50000,42.07036776271293
553,355.5999999999975,0.049911691230058335,50000,36.577399565249074
554,904.7328859060242,0.049911691230058335,50000,51.057698923791676
555,906.138888888872,0.049911691230058335,50000,32.32264324248306
556,842.11355932202,0.049911691230058335,50000,49.0608890818225
557,852.4958083832138,0.049911691230058335,50000,46.47705398225352
558,824.2902208201763,0.049911691230058335,50000,47.012129442827835
559,832.9857142856997,0.049911691230058335,50000,45.0887888873065
560,258.11803278688495,0.049911691230058335,50000,43.58951223434941
561,915.9329966329815,0.049911691230058335,50000,65.39509009959093
562,909.989891696744,0.049911691230058335,50000,42.39694335485585
563,881.8377162629679,0.049911691230058335,50000,45.6432596651235
564,842.5175718849732,0.049911691230058335,50000,39.270508629446816
565,880.4052631578799,0.049911691230058335,50000,47.87738040420744
566,587.8182724252426,0.049911691230058335,50000,50.79784738256576
567,827.2185430463471,0.049911691230058335,50000,38.74863669226401
568,884.775298804774,0.049911691230058335,50000,48.750889315383844
569,606.4405405405324,0.049911691230058335,50000,43.17168709209987
570,907.5941176470424,0.049911691230058335,50000,46.35991144180298
571,854.9999999999833,0.049911691230058335,50000,38.498978774913034
572,847.876470588216,0.049911691230058335,50000,40.292609280924644
573,887.729966329953,0.049911691230058335,50000,41.80607524594128
574,891.6015873015681,0.049911691230058335,50000,35.01033005624447
575,877.912280701738,0.049911691230058335,50000,41.362291939943304
576,871.9539682539497,0.049911691230058335,50000,48.3772735118866
577,829.8327868852341,0.049911691230058335,50000,46.02752183972772
578,862.186292834871,0.049911691230058335,50000,48.283052462739306
579,786.848780487789,0.049911691230058335,50000,36.50155446710366
580,416.52711864406416,0.049911691230058335,50000,35.86719334125519
581,414.39526813879115,0.049911691230058335,50000,28.818380430892663
582,891.9255591054189,0.049911691230058335,50000,46.87710285810084
583,913.905755395668,0.049911691230058335,50000,36.383894574551185
584,894.459778597777,0.049911691230058335,50000,47.3081819761531
585,843.2350515463761,0.049911691230058335,50000,37.08263321873132
586,858.2494464944552,0.049911691230058335,50000,43.488617813961014
587,898.259566786996,0.049911691230058335,50000,36.28006218548479
588,869.7050179211344,0.049911691230058335,50000,40.72126308619547
589,875.559259259245,0.049911691230058335,50000,47.74436980185749
590,924.799999999995,0.049911691230058335,50000,44.90318217086792
591,912.2640449438114,0.049911691230058335,50000,38.57884517804844
592,860.3999999999843,0.049911691230058335,50000,30.25692990794778
593,900.398679867978,0.049911691230058335,50000,44.917326471946794
594,853.2943894389339,0.049911691230058335,50000,45.46225950171385
595,940.8999999999883,0.049911691230058335,50000,33.25385052817209
596,830.6930693069196,0.049911691230058335,50000,34.7981349498302
597,911.2473118279454,0.049911691230058335,50000,55.98985330294458
598,851.3675675675494,0.049911691230058335,50000,45.341053544098
599,919.7999999999864,0.049911691230058335,50000,47.97326484065824
600,650.9534246575257,0.049911691230058335,50000,45.39683228426201
601,906.2078014184277,0.049911691230058335,50000,36.10293862554762
602,851.2108108107934,0.049911691230058335,50000,36.999873202042224
603,861.8494464944571,0.049911691230058335,50000,30.676459118236195
604,833.3151898734086,0.049911691230058335,50000,34.73953395623427
605,837.4774647887156,0.049911691230058335,50000,32.576119784436194
606,871.4684210526167,0.049911691230058335,50000,29.360079549607775
607,672.3506849314957,0.049911691230058335,50000,30.67200469970703
608,848.4930693069213,0.049911691230058335,50000,23.15968336377825
609,891.66692913385,0.049911691230058335,50000,30.067910422963543
610,890.0357827475929,0.049911691230058335,50000,28.69849656619567
611,918.74128113878,0.049911691230058335,50000,51.6740669723629
612,894.7985865724243,0.049911691230058335,50000,36.72499990975985
613,925.7999999999902,0.049911691230058335,50000,48.6786461803112
614,855.857142857127,0.049911691230058335,50000,45.8044048725115
615,855.4562043795461,0.049911691230058335,50000,32.419734495399645
616,836.3241042345103,0.049911691230058335,50000,48.97409646947619
617,863.1423728813417,0.049911691230058335,50000,37.542403702784064
618,903.6959183673391,0.049911691230058335,50000,41.416961619903994
619,932.4999999999876,0.049911691230058335,50000,46.222788316862925
620,870.7602339181126,0.049911691230058335,50000,31.971935246441817
621,852.1932203389694,0.049911691230058335,50000,32.19481365258943
622,846.2017793594175,0.049911691230058335,50000,54.17096872329712
623,893.7697416974087,0.049911691230058335,50000,25.447481644734015
624,879.9729729729542,0.049911691230058335,50000,37.26295528288412
625,927.6999999999929,0.049911691230058335,50000,44.993344791730244
626,850.2408805031259,0.049911691230058335,50000,29.694453859329222
627,843.7210191082607,0.049911691230058335,50000,27.250459420560585
628,411.08375451263026,0.049911691230058335,50000,30.084312311403313
629,839.9999999999857,0.049911691230058335,50000,54.96840353556223
630,935.8999999999951,0.049911691230058335,50000,32.604505767284984
631,880.8666666666517,0.049911691230058335,50000,48.964208060816716
632,880.141935483857,0.049911691230058335,50000,37.332559900185494
633,883.6449275362246,0.049911691230058335,50000,43.873820935647316
634,829.4117647058742,0.049911691230058335,50000,63.49095830831442
635,940.6999999999958,0.049911691230058335,50000,19.757474141677623
636,856.7308270676542,0.049911691230058335,50000,58.62956718809576
637,823.8322259136129,0.049911691230058335,50000,51.837254944748764
638,880.7035087719147,0.049911691230058335,50000,54.60689801600442
639,878.079220779203,0.049911691230058335,50000,47.91019204220215
640,904.0792452830088,0.049911691230058335,50000,57.99556548909361
641,881.7923076922943,0.049911691230058335,50000,73.70738594494169
642,280.74340836012533,0.049911691230058335,50000,40.89979943875913
643,861.2838187702137,0.049911691230058335,50000,45.13148147939778
644,918.699999999982,0.049911691230058335,50000,47.736766772800024
645,855.5555555555401,0.049911691230058335,50000,35.289087480252924
646,925.999999999985,0.049911691230058335,50000,47.140129473151234
647,632.3791798107146,0.049911691230058335,50000,40.057732248120736
648,932.5999999999937,0.049911691230058335,50000,63.083545088768005
649,880.2131147540854,0.049911691230058335,50000,53.200460994944855
650,787.1951219512035,0.049911691230058335,50000,48.967309653937996
651,900.7143884891933,0.049911691230058335,50000,65.82839395028573
652,905.4135802468943,0.049911691230058335,50000,24.60438511246129
653,290.5757097791774,0.049911691230058335,50000,50.54445602047828
654,818.1754098360516,0.049911691230058335,50000,57.19991504300025
655,894.9889679715187,0.049911691230058335,50000,63.64608398953775
656,866.1764705882202,0.049911691230058335,50000,49.65316407077284
657,903.2840579710066,0.049911691230058335,50000,48.29504025484867
658,873.9883720930166,0.049911691230058335,50000,77.92906406431487
659,900.8222222222134,0.049911691230058335,50000,36.24831857560556
660,887.8780821917646,0.049911691230058335,50000,38.215599109508375
661,883.6842105262976,0.049911691230058335,50000,46.069484343895546
662,840.4505576208061,0.049911691230058335,50000,56.07262171957603
663,895.722073578576,0.049911691230058335,50000,34.56092796578312
664,887.584039087929,0.049911691230058335,50000,29.489811461904775
665,308.0882352941153,0.049911691230058335,50000,17.478084125826435
666,920.3999999999925,0.049911691230058335,50000,41.65727717561542
667,882.8835443037877,0.049911691230058335,50000,57.58971629846292
668,888.7840390879297,0.049911691230058335,50000,68.50496544206844
669,934.6999999999867,0.049911691230058335,50000,35.896436686889366
670,474.5375375375321,0.049911691230058335,50000,41.164374451888236
671,875.0357388315965,0.049911691230058335,50000,72.26345987098162
672,894.560130718934,0.049911691230058335,50000,56.06962290970055
673,898.4589743589652,0.049911691230058335,50000,48.280098470430524
674,781.2999999999885,0.049911691230058335,50000,59.24922347905343
675,808.8707903779939,0.049911691230058335,50000,46.56866836378158
676,886.5980198019696,0.049911691230058335,50000,59.11191398461148
677,939.2999999999945,0.049911691230058335,50000,47.58352759805056
678,905.7072463768037,0.049911691230058335,50000,35.453938318648426
679,882.3008849557433,0.049911691230058335,50000,59.39943311307523
680,871.7007092198476,0.049911691230058335,50000,53.134028511606296
681,855.4517985611357,0.049911691230058335,50000,32.02735275052628
682,894.3081081080888,0.049911691230058335,50000,52.58561465053235
683,845.8405228757974,0.049911691230058335,50000,38.420836164183534
684,859.5855018587249,0.049911691230058335,50000,66.37036580726749
685,276.31831501831135,0.049911691230058335,50000,40.8284015879035
686,834.9699300699142,0.049911691230058335,50000,47.501446838620346
687,231.3610778443131,0.049911691230058335,50000,33.9406348788549
688,903.4305084745631,0.049911691230058335,50000,60.219019833342124
689,878.5428571428422,0.049911691230058335,50000,32.615678774442706
690,583.1983050847394,0.049911691230058335,50000,47.5805124668848
691,850.299999999989,0.049911691230058335,50000,53.5504425548067
692,416.8161290322552,0.049911691230058335,50000,30.74502159070365
693,865.1333333333229,0.049911691230058335,50000,48.87761232226375
694,840.5769230769141,0.049911691230058335,50000,52.366233307079675
695,901.0597785977774,0.049911691230058335,50000,49.338063430786136
696,861.9924914675607,0.049911691230058335,50000,64.38198464700031
697,841.0210191082613,0.049911691230058335,50000,41.94532058441561
698,894.2887043189271,0.049911691230058335,50000,37.56656222407882
699,884.1384615384476,0.049911691230058335,50000,42.05617895015019
700,898.0852459016262,0.049911691230058335,50000,52.09213363518149
701,871.0545454545318,0.049911691230058335,50000,41.964794695618664
702,814.1084507042084,0.049911691230058335,50000,41.58732638523497
703,866.3299663299501,0.049911691230058335,50000,43.97369525382469
704,857.1865443424866,0.049911691230058335,50000,36.48377703761195
705,766.8428571428411,0.049911691230058335,50000,34.37177912712097
706,925.0999999999862,0.049911691230058335,50000,48.59344682731782
707,872.4161290322492,0.049911691230058335,50000,56.17247318442351
708,861.8473684210371,0.049911691230058335,50000,46.29393538930058
709,896.3620689655028,0.049911691230058335,50000,43.87628462820342
710,861.3238805969987,0.049911691230058335,50000,48.800761024157204
711,787.2832369942012,0.049911691230058335,50000,54.27776155672274
712,797.4457627118513,0.049911691230058335,50000,58.272802357838074
713,813.4238907849651,0.049911691230058335,50000,37.76805951423252
714,280.2183183183172,0.049911691230058335,50000,48.405248119717555
715,913.8069930069795,0.049911691230058335,50000,48.072714624296125
716,330.72247191010837,0.049911691230058335,50000,40.36543209412519
717,219.07894736842223,0.049911691230058335,50000,50.48942655132663
718,903.4852459016275,0.049911691230058335,50000,54.1723418803852
719,843.3107491856496,0.049911691230058335,50000,40.047131536877345
720,906.11549295773,0.049911691230058335,50000,51.08338738207547
721,862.8249999999862,0.049911691230058335,50000,62.15972766876221
722,897.1187702265221,0.049911691230058335,50000,43.18091940548685
723,855.1562043795457,0.049911691230058335,50000,50.17009185791016
724,818.6496855345717,0.049911691230058335,50000,42.10305519565459
725,913.5398523985174,0.049911691230058335,50000,59.36004727026995
726,842.4705882352778,0.049911691230058335,50000,50.23992018204009
727,891.0549549549498,0.049911691230058335,50000,53.84659897606328
728,887.7060150375796,0.049911691230058335,50000,46.81670957226907
729,313.60618892507944,0.049911691230058335,50000,85.56574502506771
730,851.2627118643916,0.049911691230058335,50000,39.307917336749426
731,865.6962025316362,0.049911691230058335,50000,41.82894082531881
732,831.1894736841942,0.049911691230058335,50000,41.49627548774366
733,903.4814814814682,0.049911691230058335,50000,61.567618955516444
734,895.3666666666585,0.049911691230058335,50000,38.65074314541287
735,887.2581314878811,0.049911691230058335,50000,60.48263442824248
736,892.656097560957,0.049911691230058335,50000,57.486498829586054
737,904.2507936507754,0.049911691230058335,50000,39.65935913079515
738,915.0057471264307,0.049911691230058335,50000,34.53380374439427
739,903.5921568627292,0.049911691230058335,50000,55.804137007395425
740,848.105732484057,0.049911691230058335,50000,46.71734379582845
741,933.0999999999899,0.049911691230058335,50000,52.441160225653434
742,939.1999999999894,0.049911691230058335,50000,53.63712043573361
743,927.4999999999934,0.049911691230058335,50000,69.53139673921577
744,872.2850340135957,0.049911691230058335,50000,37.61348640441894
745,899.5640522875618,0.049911691230058335,50000,45.093556835101204
746,263.1329113924031,0.049911691230058335,50000,49.79052642083937
747,839.6901639344131,0.049911691230058335,50000,61.79051566631236
748,871.3922077921899,0.049911691230058335,50000,52.59432944852716
749,917.6824561403363,0.049911691230058335,50000,55.15025183105469
750,858.0076923076781,0.049911691230058335,50000,39.31859960896628
751,374.1017964071747,0.049911691230058335,50000,81.28158759304797
752,876.6836734693794,0.049911691230058335,50000,59.42189381940521
753,885.8996655518217,0.049911691230058335,50000,37.95057914761232
754,871.0448818897562,0.049911691230058335,50000,57.13638606564752
755,943.3999999999951,0.049911691230058335,50000,78.29900691357065
756,870.8684210526164,0.049911691230058335,50000,71.19740809418084
757,876.7329670329553,0.049911691230058335,50000,38.31172614415487
758,852.3937293729293,0.049911691230058335,50000,55.11874329790156
759,837.0075471698024,0.049911691230058335,50000,53.49624757427472
760,945.6999999999956,0.049911691230058335,50000,40.93829426765442
761,892.532061068695,0.049911691230058335,50000,67.30565674823264
762,871.6909090908955,0.049911691230058335,50000,77.53145178190002
763,845.4222222222089,0.049911691230058335,50000,43.752271958893424
764,905.9275080906002,0.049911691230058335,50000,69.77025130032673
765,838.366666666659,0.049911691230058335,50000,61.32788571211008
766,844.9081850533695,0.049911691230058335,50000,69.07182537901635
767,882.6477366255068,0.049911691230058335,50000,90.0195066391715
768,880.0677419354744,0.049911691230058335,50000,65.76707781545373
769,874.0322033898178,0.049911691230058335,50000,66.97497365053962
770,912.2193771626229,0.049911691230058335,50000,52.3627634716405
771,852.2058823529278,0.049911691230058335,50000,66.84964082906912
772,916.1824561403357,0.049911691230058335,50000,39.746378322676115
773,871.8970297029587,0.049911691230058335,50000,59.56039795015201
774,936.3999999999874,0.049911691230058335,50000,33.328949919244124
775,755.9220779220651,0.049911691230058335,50000,58.46490492481567
776,742.9428571428459,0.049911691230058335,50000,43.54927947711497
777,871.8619528619375,0.049911691230058335,50000,22.98236278264496
778,874.7874172185325,0.049911691230058335,50000,58.68963175193936
779,905.7178694157919,0.049911691230058335,50000,82.78703678771853
780,922.1999999999842,0.049911691230058335,50000,37.794725127201744
781,888.2887323943506,0.049911691230058335,50000,61.25129880679874
782,923.1999999999892,0.049911691230058335,50000,58.051535613864075
783,844.0828220858776,0.049911691230058335,50000,53.19553733185718
784,872.8264604810835,0.049911691230058335,50000,72.61034574995946
785,863.6312977099157,0.049911691230058335,50000,50.53678874206543
786,847.6022364217149,0.049911691230058335,50000,57.829773730972185
787,917.4057471264307,0.049911691230058335,50000,65.68807939351615
788,876.201294498368,0.049911691230058335,50000,42.26990237903269
789,875.5322033898184,0.049911691230058335,50000,61.33218523804168
790,872.5922077921906,0.049911691230058335,50000,61.13663175670502
791,900.5561403508623,0.049911691230058335,50000,47.017429165980396
792,846.7379204892777,0.049911691230058335,50000,60.69824742959216
793,923.0999999999854,0.049911691230058335,50000,65.02058807015419
794,868.4408450704088,0.049911691230058335,50000,53.14946019950033
795,913.5304347826008,0.049911691230058335,50000,55.20539194844159
796,438.8093851132623,0.049911691230058335,50000,74.73362872275439
797,880.6850340135974,0.049911691230058335,50000,61.70557661968119
798,826.8719298245462,0.049911691230058335,50000,44.984351116068225
799,872.9298507462557,0.049911691230058335,50000,36.9070773003465
800,875.1903225806356,0.049911691230058335,50000,66.45627989302149
801,892.698586572424,0.049911691230058335,50000,62.55891216384781
802,839.944947735178,0.049911691230058335,50000,62.65996700589837
803,836.5583941605694,0.049911691230058335,50000,57.386382413632944
804,932.999999999989,0.049911691230058335,50000,67.103424966068
805,880.5838905774949,0.049911691230058335,50000,74.68504142459435
806,892.3413680781571,0.049911691230058335,50000,45.948894430350556
807,841.0636363636229,0.049911691230058335,50000,63.50773529052734
808,923.4999999999928,0.049911691230058335,50000,40.06313852625569
809,834.9309309309124,0.049911691230058335,50000,71.77204316237876
810,914.999999999989,0.049911691230058335,50000,53.4425909426524
811,832.4366013071705,0.049911691230058335,50000,58.50044582565755
812,276.4158576051753,0.049911691230058335,50000,62.955004930496216
813,815.3743944636572,0.049911691230058335,50000,63.234365715052036
814,855.5999999999846,0.049911691230058335,50000,53.88886916637421
815,851.7669039145808,0.049911691230058335,50000,58.618921995162964
816,910.6479853479763,0.049911691230058335,50000,53.37828269697005
817,890.8984732824364,0.049911691230058335,50000,73.00619482767014
818,929.5999999999844,0.049911691230058335,50000,66.1468975238311
819,865.6400651465619,0.049911691230058335,50000,65.89271337213651
820,892.3137931034331,0.049911691230058335,50000,81.30604427739193
821,849.6333333333179,0.049911691230058335,50000,53.69147272590253
822,868.6962264150856,0.049911691230058335,50000,40.7382069633853
823,836.430158730149,0.049911691230058335,50000,74.9403475443522
824,868.2619528619362,0.049911691230058335,50000,79.41346392512746
825,889.4287671232732,0.049911691230058335,50000,54.177824599683774
826,245.39473684210603,0.049911691230058335,50000,48.48675514036609
827,816.4086687306396,0.049911691230058335,50000,58.820508172204185
828,932.8999999999883,0.049911691230058335,50000,41.76286816276242
829,698.8999999999915,0.049911691230058335,50000,46.127253722336334
830,891.9669291338504,0.049911691230058335,50000,79.73391485807807
831,874.157093425598,0.049911691230058335,50000,63.07765208515212
832,597.9403508771833,0.049911691230058335,50000,59.99796749767244
833,898.1589743589648,0.049911691230058335,50000,54.62578840594989
834,904.6648648648468,0.049911691230058335,50000,55.48585286831266
835,927.499999999985,0.049911691230058335,50000,61.634130644105774
836,916.5475836431126,0.049911691230058335,50000,49.547832147280374
837,859.7311258278035,0.049911691230058335,50000,63.878371441483104
838,877.5557377049058,0.049911691230058335,50000,35.698739162389785
839,905.1864864864691,0.049911691230058335,50000,47.56387780507406
840,490.64604810996224,0.049911691230058335,50000,29.083363148805905
841,552.1567474048386,0.049911691230058335,50000,34.67542291641235
842,917.2571428571291,0.049911691230058335,50000,51.70958748851639
843,891.9721649484375,0.049911691230058335,50000,42.86649114638567
844,871.2983606557249,0.049911691230058335,50000,35.93389598846436
845,262.033333333333,0.049911691230058335,50000,58.02658378937665
846,912.1213114753972,0.049911691230058335,50000,54.99272592890729
847,896.4473684210362,0.049911691230058335,50000,58.0337877134337
848,872.8217391304163,0.049911691230058335,50000,82.42859180711156
849,932.7999999999881,0.049911691230058335,50000,64.01349634333042
850,893.5021897810046,0.049911691230058335,50000,56.618645403308804
851,904.7333333333246,0.049911691230058335,50000,51.419925927202364
852,864.3869009584557,0.049911691230058335,50000,45.277846318704114
853,824.1831417624456,0.049911691230058335,50000,71.45709041173279
854,809.996048632206,0.049911691230058335,50000,60.53710816850598
855,871.2549450549368,0.049911691230058335,50000,58.184198328913475
856,358.92857142856826,0.049911691230058335,50000,93.96285728485354
857,213.17241379310488,0.049911691230058335,50000,77.53282628642569
858,898.51833910034,0.049911691230058335,50000,66.69490843403096
859,901.00863309351,0.049911691230058335,50000,73.57879433290137
860,931.4999999999943,0.049911691230058335,50000,42.775942400882116
861,890.2736842105114,0.049911691230058335,50000,56.63103076153331
862,876.0594594594412,0.049911691230058335,50000,58.48422040836045
863,843.3927392739191,0.049911691230058335,50000,78.99697766252743
864,868.3604982206309,0.049911691230058335,50000,43.658903814131214
865,826.9631578947225,0.049911691230058335,50000,46.54090397908137
866,598.5216828478888,0.049911691230058335,50000,37.30502424604906
867,860.155555555537,0.049911691230058335,50000,63.47198228505132
868,881.3834394904277,0.049911691230058335,50000,68.8416631284278
869,874.5042253520982,0.049911691230058335,50000,47.09244831748631
870,706.9031055900489,0.049911691230058335,50000,71.30192713519844
871,818.062776025224,0.049911691230058335,50000,69.72815221589187
872,852.9838709677333,0.049911691230058335,50000,52.571165492064765
873,916.0833333333167,0.049911691230058335,50000,70.29049403941045
874,837.4185430463491,0.049911691230058335,50000,64.86523837683336
875,874.2207885304548,0.049911691230058335,50000,76.48153501487823
876,933.4999999999847,0.049911691230058335,50000,55.63275472287139
877,875.6163398692623,0.049911691230058335,50000,65.62906603953418
878,881.3999999999915,0.049911691230058335,50000,51.15951154058464
879,621.7620178041452,0.049911691230058335,50000,69.48565828552879
880,861.5793357933497,0.049911691230058335,50000,66.49025024829051
881,920.5999999999837,0.049911691230058335,50000,60.01318050514568
882,499.66896551723244,0.049911691230058335,50000,94.46476096922649
883,869.8627118643947,0.049911691230058335,50000,64.38466850916545
884,893.6832764504956,0.049911691230058335,50000,55.66200886684585
885,862.3275862068808,0.049911691230058335,50000,52.92267061149987
886,891.2261648745397,0.049911691230058335,50000,62.71706170964062
887,894.3562091503079,0.049911691230058335,50000,74.88560448270856
888,848.7960912051948,0.049911691230058335,50000,44.712169924649324
889,888.2259740259575,0.049911691230058335,50000,56.57457623398095
890,887.133333333325,0.049911691230058335,50000,67.98899414605303
891,842.6734177215075,0.049911691230058335,50000,59.49543691050526
892,901.9302491103106,0.049911691230058335,50000,65.11029218698476
893,877.9173010380543,0.049911691230058335,50000,82.49385345727205
894,858.807228915651,0.049911691230058335,50000,56.775095387184116
895,940.1999999999945,0.049911691230058335,50000,68.34043919261376
896,899.6144927536161,0.049911691230058335,50000,46.716895686926215
897,857.8860927152233,0.049911691230058335,50000,59.83311116106157
898,849.0187919462948,0.049911691230058335,50000,77.63737832283488
899,864.8571428571281,0.049911691230058335,50000,65.83837779056151
900,838.6245614034908,0.049911691230058335,50000,55.960410823129585
901,847.7523809523669,0.049911691230058335,50000,66.06055331979907
902,871.0243243243069,0.049911691230058335,50000,48.87173017355112
903,889.8538461538325,0.049911691230058335,50000,81.29782113322506
904,898.6513513513345,0.049911691230058335,50000,63.45635661043862
905,890.4084112149338,0.049911691230058335,50000,82.5003675056609
906,886.2499999999818,0.049911691230058335,50000,65.55698674612671
907,806.6170212765841,0.049911691230058335,50000,55.063153923589056
908,887.6307420494578,0.049911691230058335,50000,41.15560820845307
909,589.7646464646376,0.049911691230058335,50000,72.03544459951685
910,652.5402061855582,0.049911691230058335,50000,61.516130041464784
911,861.0560553633153,0.049911691230058335,50000,73.5048485076967
912,841.7896551723995,0.049911691230058335,50000,59.07782976499951
913,789.8609271523085,0.049911691230058335,50000,55.047036348222356
914,909.7818181818058,0.049911691230058335,50000,49.07403248942371
915,933.7999999999945,0.049911691230058335,50000,60.179269860007544
916,904.3153354632467,0.049911691230058335,50000,63.13023980013974
917,902.870967741928,0.049911691230058335,50000,64.9753666952197
918,898.0137931034342,0.049911691230058335,50000,66.18965095643573
919,894.4090909090771,0.049911691230058335,50000,52.13315968626127
920,341.2709677419322,0.049911691230058335,50000,78.70578149024476
921,864.852542372868,0.049911691230058335,50000,67.73244888782502
922,901.2221843003249,0.049911691230058335,50000,61.83059360063993
923,581.9768996960418,0.049911691230058335,50000,69.6285555742789
924,930.0999999999848,0.049911691230058335,50000,67.18206396596185
925,940.999999999996,0.049911691230058335,50000,66.40186341927976
926,893.0162162161998,0.049911691230058335,50000,60.74143689159503
927,839.4673469387669,0.049911691230058335,50000,81.48666727633876
928,911.2319865319714,0.049911691230058335,50000,89.74959373092652
929,511.1244897959149,0.049911691230058335,50000,83.39741779235472
930,827.9854251012003,0.049911691230058335,50000,59.5551748925067
931,886.6329670329565,0.049911691230058335,50000,66.26115318898404
932,881.0544303797378,0.049911691230058335,50000,89.55677342908136
933,942.1999999999892,0.049911691230058335,50000,86.50933307409286
934,939.0999999999918,0.049911691230058335,50000,77.67380810256051
935,872.0140127388361,0.049911691230058335,50000,59.97544356804032
936,344.318181818178,0.049911691230058335,50000,61.54764673786779
937,915.9156028368706,0.049911691230058335,50000,62.14626614800815
938,891.6473684210354,0.049911691230058335,50000,73.32645589236556
939,900.8389408099486,0.049911691230058335,50000,73.85796386003494
940,844.5177914110299,0.049911691230058335,50000,60.15766529992638
941,922.853623188399,0.049911691230058335,50000,57.986574049653676
942,845.7092250922437,0.049911691230058335,50000,91.89145906111773
943,891.6069597069521,0.049911691230058335,50000,55.0730712139501
944,830.0857707509812,0.049911691230058335,50000,46.452583167512536
945,874.342857142841,0.049911691230058335,50000,73.15473378268155
946,899.4015873015705,0.049911691230058335,50000,81.4263088931776
947,832.2152249134854,0.049911691230058335,50000,75.04075753078526
948,872.6163398692615,0.049911691230058335,50000,40.99382323407112
949,830.4806451612808,0.049911691230058335,50000,67.3291368858487
950,854.7686567164022,0.049911691230058335,50000,69.53260266780853
951,853.6306122448859,0.049911691230058335,50000,82.86103168991971
952,854.133333333319,0.049911691230058335,50000,68.80779362087468
953,810.6174216027763,0.049911691230058335,50000,55.84494291143379
954,905.459169550165,0.049911691230058335,50000,58.80239001316811
955,890.2588235293975,0.049911691230058335,50000,40.503830996803615
956,860.3202453987618,0.049911691230058335,50000,58.121981532074685
957,759.1954022988377,0.049911691230058335,50000,58.367383238073586
958,875.23783783782,0.049911691230058335,50000,61.781043649129444
959,867.5793103448136,0.049911691230058335,50000,98.1900074005127
960,863.2666666666565,0.049911691230058335,50000,73.01751743757337
961,822.6521172638243,0.049911691230058335,50000,66.01225033512821
962,341.72258064515677,0.049911691230058335,50000,96.25173882668062
963,805.190243902422,0.049911691230058335,50000,83.21915584478896
964,898.7328859060231,0.049911691230058335,50000,50.881908586709805
965,934.4999999999885,0.049911691230058335,50000,49.299395119378325
966,885.8589743589587,0.049911691230058335,50000,98.50227592104957
967,927.899999999985,0.049911691230058335,50000,51.835297799110414
968,899.2254355400581,0.049911691230058335,50000,55.21399594535512
969,935.9999999999969,0.049911691230058335,50000,61.140875485021745
970,883.5055555555381,0.049911691230058335,50000,95.5733329479511
971,834.0327868852335,0.049911691230058335,50000,53.97295311958559
972,820.6092198581459,0.049911691230058335,50000,70.13175699764625
973,865.1289377289288,0.049911691230058335,50000,75.00886556221737
974,877.8184300341132,0.049911691230058335,50000,52.149979355846824
975,940.0999999999875,0.049911691230058335,50000,94.85130431783858
976,904.4627177700218,0.049911691230058335,50000,66.13099282254151
977,861.3459459459281,0.049911691230058335,50000,87.44754190546762
978,880.3189873417639,0.049911691230058335,50000,76.43039007155416
979,909.871428571416,0.049911691230058335,50000,83.47291294733684
980,900.237681159413,0.049911691230058335,50000,73.4436016391646
981,841.9754325259429,0.049911691230058335,50000,56.217854026485895
982,70.89160839160995,0.049911691230058335,50000,64.11631374974405
983,835.1893470790227,0.049911691230058335,50000,70.37377636305249
984,843.5981873111559,0.049911691230058335,50000,62.43082417543174
985,925.6999999999939,0.049911691230058335,50000,71.57583081480945
986,872.9973180076572,0.049911691230058335,50000,61.90255714119027
987,888.0534246575179,0.049911691230058335,50000,59.99489488527756
988,864.6171821305678,0.049911691230058335,50000,70.55922422159031
989,938.8999999999966,0.049911691230058335,50000,44.59767222287032
990,934.4999999999856,0.049911691230058335,50000,84.40948845924588
991,893.9921348314523,0.049911691230058335,50000,105.42766463756561
992,479.0478873239399,0.049911691230058335,50000,64.60845978844245
993,875.2645161290245,0.049911691230058335,50000,83.5929322052002
994,822.1805755395534,0.049911691230058335,50000,52.9533163420856
995,914.1637450199142,0.049911691230058335,50000,80.238070709952
996,535.1692307692272,0.049911691230058335,50000,40.98708609397838
997,416.1666666666623,0.049911691230058335,50000,85.34676833845612
998,472.2299674267058,0.049911691230058335,50000,70.14233336696735
999,832.5837837837676,0.049911691230058335,50000,80.81009277524684
1000,931.6999999999937,0.049911691230058335,50000,73.35118671030725
