episodio,reward_total,epsilon,buffer,loss
1,-0.26996336996349346,0.7477194593032545,123,1.5516853805246025
2,-0.27777777777775026,0.5159963842937159,198,1.1934483268776455
3,-0.21913357400722872,0.31890579420988907,295,1.0938540718828638
4,-0.16296296296292184,0.17214774642209296,419,0.9437666419075756
5,-0.2099337748343882,0.11074712159185099,508,0.7858680115843361
6,-0.04703832752611281,0.09339361644125409,543,0.8611416439799702
7,42.438095238095066,0.049911691230058335,719,0.8632029717309134
8,48.013201320131785,0.049911691230058335,999,0.9529199052508587
9,32.94498269896137,0.049911691230058335,1166,0.9968373942446996
10,-0.236363636363711,0.049911691230058335,1288,0.9941677325520634
11,-0.20291970802919052,0.049911691230058335,1386,1.062353395309645
12,41.07142857142821,0.049911691230058335,1511,1.0482140416579862
13,7.516077170417988,0.049911691230058335,1636,1.0830356029252852
14,15.892125984251614,0.049911691230058335,1793,1.1124507240377939
15,-0.08966789667886599,0.049911691230058335,1904,1.0952158551324498
16,35.46478873239413,0.049911691230058335,2044,1.1606267010994096
17,-0.07652733118965327,0.049911691230058335,2130,1.0811668643180061
18,-0.09462365591392197,0.049911691230058335,2202,1.0994569713800726
19,-0.06291793313066951,0.049911691230058335,2263,1.150982498129209
20,68.21111111111159,0.049911691230058335,2406,1.0476544115325095
21,6.664037854889397,0.049911691230058335,2531,1.1236213522572671
22,29.59265175718822,0.049911691230058335,2656,1.1007379589061583
23,-0.05813148788927447,0.049911691230058335,2760,1.0852630971704873
24,20.80066445182714,0.049911691230058335,2890,1.131918533365856
25,-0.20864197530857714,0.049911691230058335,2973,1.0203234019075953
26,3.4556313993172845,0.049911691230058335,3098,1.0997898561819908
27,-0.03850931677024616,0.049911691230058335,3212,1.032832153603039
28,-0.1349650349650876,0.049911691230058335,3329,1.0185616699786022
29,59.63945578231289,0.049911691230058335,3459,1.0642965597699778
30,71.87500000000023,0.049911691230058335,3793,1.0264949411064297
31,-0.20993377483436687,0.049911691230058335,3882,1.1039793010462413
32,18.666355140186774,0.049911691230058335,4069,1.0590033704234707
33,0.5622837370240968,0.049911691230058335,4194,1.0698170193260716
34,4.022491349480962,0.049911691230058335,4319,1.0620304997409544
35,82.41538461538515,0.049911691230058335,4493,1.0285185651283044
36,-0.0996677740863039,0.049911691230058335,4593,1.1493287173786548
37,-0.14885496183200753,0.049911691230058335,4708,1.1292257556005527
38,0.04266211604080283,0.049911691230058335,4833,1.0410778234081883
39,5.263157894736764,0.049911691230058335,4958,1.057720062473128
40,-0.19966555183940188,0.049911691230058335,5059,1.071912152171135
41,-0.12222222222214862,0.049911691230058335,5152,1.1120065748691559
42,10.480327868852179,0.049911691230058335,5281,1.0323138530366123
43,-0.0608150470219162,0.049911691230058335,5323,1.0929632884700125
44,-0.05514950166125954,0.049911691230058335,5445,1.0459604233749642
45,-0.11132075471699532,0.049911691230058335,5546,1.0558675019443036
46,1.713677811550133,0.049911691230058335,5672,1.0643035414218902
47,-0.20739549839223242,0.049911691230058335,5737,1.0409355405718088
48,-0.14418604651159195,0.049911691230058335,5815,0.9987050058779778
49,-0.09171974522287774,0.049911691230058335,5879,1.0354577690835982
50,30.993150684931102,0.049911691230058335,6004,0.996799411792909
51,-0.08144329896901614,0.049911691230058335,6073,1.054705469047322
52,-0.020979020978962426,0.049911691230058335,6143,1.0179557001245194
53,-0.02739726027391831,0.049911691230058335,6223,0.9837398951566672
54,9.094982078852713,0.049911691230058335,6348,0.9956378691619442
55,1.2323943661971075,0.049911691230058335,6473,1.032500789050133
56,-0.1543624161073464,0.049911691230058335,6563,1.0681921391004927
57,-0.09130434782602603,0.049911691230058335,6672,0.9925622923506631
58,-0.2983498349834567,0.049911691230058335,6728,0.9570178725502708
59,-0.17058823529408657,0.049911691230058335,6807,1.0469198704530032
60,-0.05977859778594419,0.049911691230058335,6881,0.9861341927149524
61,-0.2819819819819359,0.049911691230058335,6942,1.0143590971827507
62,-0.08421052631577663,0.049911691230058335,7030,1.0943646290521511
63,-0.19891696750900828,0.049911691230058335,7151,1.057006074488163
64,-0.23935018050536,0.049911691230058335,7224,1.0137457655121882
65,-0.08144329896901614,0.049911691230058335,7293,1.0410394515184795
66,6.124161073825276,0.049911691230058335,7418,1.141157466557718
67,22.90268456375795,0.049911691230058335,7543,1.0383125255184789
68,19.23758865248181,0.049911691230058335,7668,1.0565406785857292
69,6.295620437955964,0.049911691230058335,7793,1.0200020399305127
70,-0.2669291338583034,0.049911691230058335,7912,1.0135726635738955
71,49.59677419354848,0.049911691230058335,8037,1.1594083335611127
72,48.11643835616453,0.049911691230058335,8162,1.0930561709307856
73,8.552631578947112,0.049911691230058335,8287,1.0381227712477408
74,224.20354609929254,0.049911691230058335,8438,1.0871041158835093
75,-0.08421052631578729,0.049911691230058335,8526,1.0961938712788724
76,61.43992932862305,0.049911691230058335,8651,1.2069062321416792
77,48.91975308642008,0.049911691230058335,8776,1.220390487582453
78,240.7727272727289,0.049911691230058335,8931,1.1089841444771011
79,411.70819672130676,0.049911691230058335,9157,1.269970200061798
80,295.8835820895476,0.049911691230058335,9315,1.3486413279916072
81,9.262589928057203,0.049911691230058335,9440,1.703208781538471
82,155.6818181818195,0.049911691230058335,9565,1.4801779177881056
83,240.2777777777797,0.049911691230058335,9690,1.6296445809064373
84,313.66177474402446,0.049911691230058335,9839,1.5728718525654561
85,243.98148148148246,0.049911691230058335,9964,1.5316580682992935
86,31.649134948097384,0.049911691230058335,10033,2.192918069222394
87,98.42233009708876,0.049911691230058335,10158,1.7985884191528443
88,429.1695035460946,0.049911691230058335,10335,1.8409589142961935
89,17.61811023622002,0.049911691230058335,10460,1.8360324800014496
90,227.8307692307705,0.049911691230058335,10598,1.8295943315011742
91,43.77208480565321,0.049911691230058335,10723,2.306203628740003
92,827.3424242424096,0.049911691230058335,11046,2.7960950327771052
93,126.37959866220893,0.049911691230058335,11171,3.636061346338641
94,32.09706959706918,0.049911691230058335,11296,6.044230051098332
95,227.9267605633822,0.049911691230058335,11440,3.1834147034825144
96,214.79354838709884,0.049911691230058335,11638,3.711458420995528
97,477.31958762885995,0.049911691230058335,11972,3.891204900211758
98,-0.0913043478261859,0.049911691230058335,12081,3.8640540407763586
99,-0.29696969696975206,0.049911691230058335,12183,2.524967283305555
100,46.52089552238762,0.049911691230058335,12314,2.6243684704487142
101,-0.15205479452049148,0.049911691230058335,12383,3.3143316034008476
102,264.6210884353725,0.049911691230058335,12510,3.19224561869152
103,224.6359223300983,0.049911691230058335,12635,2.9266519325394786
104,-0.22924187725631212,0.049911691230058335,12720,2.7969361387547993
105,256.51993569131594,0.049911691230058335,12851,5.77505464553833
106,472.8545454545363,0.049911691230058335,13093,4.8876532469547636
107,467.49749103942224,0.049911691230058335,13279,3.39057099625871
108,222.42779783393607,0.049911691230058335,13404,3.3067823398497795
109,-0.2886287625417677,0.049911691230058335,13483,3.234545635871398
110,203.17088607595122,0.049911691230058335,13618,3.0744165609131997
111,61.790780141845296,0.049911691230058335,13743,3.929651572819679
112,159.68309859155073,0.049911691230058335,13868,4.600134650545735
113,502.18028169013604,0.049911691230058335,14072,3.5296670380484296
114,258.99480519480375,0.049911691230058335,14226,3.4997022292193245
115,362.77123745819205,0.049911691230058335,14388,4.9030159667411946
116,179.1064981949469,0.049911691230058335,14513,5.246255325694238
117,92.93478260869719,0.049911691230058335,14638,6.08027790919427
118,549.8588235294051,0.049911691230058335,14962,4.116498173943983
119,54.69858156028387,0.049911691230058335,15087,4.398772004150575
120,300.0238532110073,0.049911691230058335,15249,4.094431622428183
121,660.7277777777631,0.049911691230058335,15535,5.459371483535097
122,409.8675767917986,0.049911691230058335,15807,5.325827422617106
123,287.8021352313153,0.049911691230058335,15939,4.04428231716156
124,284.2993079584755,0.049911691230058335,16064,4.4361251765681855
125,493.2701492537238,0.049911691230058335,16273,4.593378974841191
126,97.04545454545605,0.049911691230058335,16398,6.377304878927046
127,39.16666666666626,0.049911691230058335,16523,6.009272832062937
128,744.6682926829155,0.049911691230058335,16805,5.397867369906334
129,34.41780821917789,0.049911691230058335,16930,5.530551439331424
130,111.36731391585909,0.049911691230058335,17055,5.299366212660266
131,259.39411764705807,0.049911691230058335,17183,6.752930162459847
132,339.9888888888862,0.049911691230058335,17346,5.728986776169435
133,168.60687022900925,0.049911691230058335,17471,5.72201582597148
134,123.21428571428712,0.049911691230058335,17596,5.5827201585615835
135,141.81034482758753,0.049911691230058335,17721,5.254877790327995
136,412.24912280701346,0.049911691230058335,17879,6.722156576290252
137,173.5726643598629,0.049911691230058335,18004,6.484596973465335
138,28.07377049180287,0.049911691230058335,18129,6.034229234341653
139,133.83956386292982,0.049911691230058335,18254,5.964202317499345
140,462.05247524752053,0.049911691230058335,18463,5.697654373370684
141,106.35964912280855,0.049911691230058335,18588,6.7794915303107235
142,177.51706484641767,0.049911691230058335,18713,6.3299585253961625
143,100.24262295081999,0.049911691230058335,18857,6.9137141421124655
144,150.83763066202215,0.049911691230058335,18993,6.119921965069241
145,242.9433656957953,0.049911691230058335,19208,6.740802588863907
146,359.41462450592473,0.049911691230058335,19367,8.215603494945961
147,36.76363636363587,0.049911691230058335,19499,7.782463574227486
148,281.9328990228005,0.049911691230058335,19645,7.314246421024717
149,353.3818181818123,0.049911691230058335,19861,7.174275163162586
150,69.52341137123815,0.049911691230058335,19986,6.778656436551001
151,-0.250000000000112,0.049911691230058335,20091,8.43335807781953
152,205.21914893617253,0.049911691230058335,20258,7.866550658122603
153,344.32957746478394,0.049911691230058335,20460,7.713420692367933
154,228.41760299625574,0.049911691230058335,20585,8.243367145138402
155,-0.261904761904722,0.049911691230058335,20695,7.668583821812901
156,287.4336633663339,0.049911691230058335,20859,9.003186334130223
157,29.389632107022983,0.049911691230058335,20984,8.561586679950837
158,257.31972318338893,0.049911691230058335,21222,8.79385774950438
159,269.248466257667,0.049911691230058335,21347,8.15473162166534
160,196.76573426573555,0.049911691230058335,21472,8.169882601307284
161,366.69320388349183,0.049911691230058335,21706,8.958496410959269
162,128.06291390728612,0.049911691230058335,21831,8.61780035303485
163,309.7138686131364,0.049911691230058335,22003,8.568780270236278
164,40.931372549019216,0.049911691230058335,22128,8.777557972938784
165,-0.15203761755493844,0.049911691230058335,22233,9.23590901035529
166,36.4106529209616,0.049911691230058335,22398,8.975127577781677
167,679.299625468158,0.049911691230058335,22668,9.232281823140537
168,308.59325153374044,0.049911691230058335,22805,9.03992848010624
169,287.4381294964014,0.049911691230058335,22938,8.869123168063886
170,104.31818181818338,0.049911691230058335,23063,9.050635407047887
171,290.74545454545176,0.049911691230058335,23209,9.852005800707587
172,53.051181102362975,0.049911691230058335,23334,9.958369951094351
173,473.63167259786167,0.049911691230058335,23499,9.720311330585945
174,210.0474916387976,0.049911691230058335,23713,9.480061585914362
175,189.03864306784754,0.049911691230058335,23840,9.27917132301936
176,295.09269102989856,0.049911691230058335,23997,10.714992122772413
177,38.407590759075475,0.049911691230058335,24122,10.326516170655527
178,589.9224806201516,0.049911691230058335,24456,9.759843412462297
179,164.39274447949637,0.049911691230058335,24581,9.22944510752155
180,243.75000000000176,0.049911691230058335,24706,9.734497404867604
181,336.0503355704681,0.049911691230058335,24861,11.216604811804634
182,345.648220064718,0.049911691230058335,25122,10.48715633887511
183,92.81161473087955,0.049911691230058335,25247,11.37521489589445
184,156.94444444444605,0.049911691230058335,25372,11.191650698261876
185,105.83333333333454,0.049911691230058335,25497,10.876083793178681
186,123.68421052631703,0.049911691230058335,25622,12.605386880136304
187,53.40909090909126,0.049911691230058335,25747,12.225775099569752
188,46.533613445378144,0.049911691230058335,25872,11.280688412727848
189,176.2404580152688,0.049911691230058335,25997,11.436718183179055
190,350.2735099337711,0.049911691230058335,26176,11.153937213876274
191,252.62624113475016,0.049911691230058335,26315,12.306049564610356
192,76.37900355872029,0.049911691230058335,26440,11.656142384775224
193,172.3631728045342,0.049911691230058335,26602,11.54012351894971
194,252.15517241379226,0.049911691230058335,26727,11.591201020825293
195,366.0718309859135,0.049911691230058335,26880,12.604693155539664
196,534.9286195286099,0.049911691230058335,27162,12.266340242161869
197,17.86332179930757,0.049911691230058335,27287,11.617738862191477
198,245.09060402684693,0.049911691230058335,27432,11.722717407676909
199,17.647058823529015,0.049911691230058335,27557,11.239477157592773
200,9.16666666666636,0.049911691230058335,27682,11.452485249888513
201,363.5523465703929,0.049911691230058335,27842,14.32920977754413
202,-3.849999999999511,0.049911691230058335,27918,12.801423816680908
203,632.7534412955355,0.049911691230058335,28157,14.611716795368356
204,282.7611111111083,0.049911691230058335,28314,12.593745949940804
205,919.5254237288017,0.049911691230058335,28554,13.249974595951734
206,286.8797101449225,0.049911691230058335,28733,13.468826695774379
207,113.49715099715219,0.049911691230058335,28858,19.900039130641566
208,688.9610389610233,0.049911691230058335,29192,15.199917054391122
209,615.5289855072381,0.049911691230058335,29447,13.141211494686097
210,112.50000000000125,0.049911691230058335,29572,12.55920309020627
211,269.24137931034,0.049911691230058335,29732,14.338010194166651
212,852.262897526487,0.049911691230058335,30036,15.868881194111538
213,293.2692307692288,0.049911691230058335,30161,14.10945418573195
214,322.27272727272504,0.049911691230058335,30311,16.048086806431712
215,250.34967320261526,0.049911691230058335,30446,13.471913754050412
216,402.9688581314855,0.049911691230058335,30706,14.866576949601928
217,154.8076923076936,0.049911691230058335,30831,14.285146374856271
218,277.7731707317057,0.049911691230058335,30962,14.494119691848756
219,22.35915492957706,0.049911691230058335,31087,14.449975959716305
220,284.20542635658785,0.049911691230058335,31212,14.207484053027246
221,228.80584795321766,0.049911691230058335,31346,15.75768059895451
222,409.0363636363581,0.049911691230058335,31528,15.286498928596961
223,236.427392739275,0.049911691230058335,31653,20.62421428772711
224,581.7549488054508,0.049911691230058335,31955,16.533775239291778
225,866.2999999999851,0.049911691230058335,32234,15.108398766826383
226,231.96774193548472,0.049911691230058335,32364,18.304964091426644
227,406.3385382059728,0.049911691230058335,32571,22.57089879906293
228,238.4017543859659,0.049911691230058335,32712,15.477329516410828
229,269.5148148148143,0.049911691230058335,32863,15.277846740086874
230,675.2310344827494,0.049911691230058335,33072,19.04795214304557
231,674.8759124087496,0.049911691230058335,33292,17.934636989140618
232,361.2943820224696,0.049911691230058335,33436,16.733369233724954
233,227.22460063898112,0.049911691230058335,33669,21.829803738100775
234,721.6406779660938,0.049911691230058335,33885,17.67340179487716
235,313.8363636363588,0.049911691230058335,34051,19.599473375262637
236,273.85531135530874,0.049911691230058335,34176,16.70045074339836
237,307.6749999999979,0.049911691230058335,34390,17.624109270427148
238,786.6666666666595,0.049911691230058335,34724,17.821719461733156
239,674.2577464788639,0.049911691230058335,34953,17.84360379085206
240,199.67948717948838,0.049911691230058335,35078,17.211755094989652
241,582.5515151515086,0.049911691230058335,35270,18.302386990392396
242,331.4326241134743,0.049911691230058335,35430,18.995330762563263
243,252.5454545454543,0.049911691230058335,35570,17.784235398546397
244,266.68250950570183,0.049911691230058335,35695,16.20510951549776
245,867.4765432098588,0.049911691230058335,36003,17.043294555589508
246,146.89716312056905,0.049911691230058335,36128,18.36165944991573
247,928.1999999999881,0.049911691230058335,36368,17.248954058691048
248,332.21830985915324,0.049911691230058335,36493,16.52149502308138
249,304.64207119740894,0.049911691230058335,36621,16.084681717429575
250,316.169337979092,0.049911691230058335,36775,18.978187417672352
251,110.86795252225613,0.049911691230058335,36900,16.618197137309657
252,169.02173913043603,0.049911691230058335,37025,21.297631009932488
253,773.6573426573324,0.049911691230058335,37255,20.765808288707483
254,153.5112359550574,0.049911691230058335,37380,19.757653244080082
255,383.5319148936146,0.049911691230058335,37520,20.53718183709563
256,927.6999999999924,0.049911691230058335,37761,20.560616417725882
257,373.76618705035605,0.049911691230058335,37906,19.057724045382606
258,236.02941176470702,0.049911691230058335,38031,19.086254235236876
259,284.7097472924163,0.049911691230058335,38165,18.488106896106462
260,323.28493150684477,0.049911691230058335,38423,17.60284433476192
261,357.27194244603663,0.049911691230058335,38599,18.462684571402413
262,449.35714285713874,0.049911691230058335,38744,18.01653167274263
263,138.55633802817047,0.049911691230058335,38869,22.127199303719305
264,213.28369905956248,0.049911691230058335,38994,18.811702559071204
265,304.6426116838468,0.049911691230058335,39124,18.406429889590243
266,855.7243243243051,0.049911691230058335,39436,23.507995700529534
267,297.9366863905312,0.049911691230058335,39577,19.533019294057574
268,298.23366336633416,0.049911691230058335,39705,19.413733519907073
269,338.94999999999783,0.049911691230058335,39846,25.756987755639212
270,870.0818181818063,0.049911691230058335,40073,22.908648130113043
271,108.69883040935801,0.049911691230058335,40198,22.991777335443803
272,220.36163522012714,0.049911691230058335,40323,17.99982996140757
273,227.6006711409407,0.049911691230058335,40448,21.46018067482979
274,379.7725490196032,0.049911691230058335,40620,20.5820794523808
275,884.4643410852652,0.049911691230058335,40863,22.809714230624113
276,827.8719424460277,0.049911691230058335,41137,21.346982430189083
277,240.64569536423946,0.049911691230058335,41262,21.60535595878478
278,492.23636363635364,0.049911691230058335,41500,18.938062738265668
279,306.2433566433535,0.049911691230058335,41668,22.23633308753282
280,437.70074906366744,0.049911691230058335,41807,23.53545161952143
281,264.82558139534706,0.049911691230058335,41932,20.461261964613392
282,307.34615384615194,0.049911691230058335,42087,20.800962082751386
283,251.8772893772882,0.049911691230058335,42212,19.896405766087195
284,582.6565982404594,0.049911691230058335,42479,19.56346805651385
285,797.7256410256275,0.049911691230058335,42790,19.945612439801614
286,305.0684210526274,0.049911691230058335,42931,23.63976208823068
287,878.979365079348,0.049911691230058335,43218,25.813769397202073
288,869.3947368420901,0.049911691230058335,43513,22.902447317733245
289,141.07142857142998,0.049911691230058335,43638,19.643274214959913
290,226.1655948553067,0.049911691230058335,43763,21.051586804851407
291,925.8417721518924,0.049911691230058335,43968,23.021037718828985
292,852.5993788819698,0.049911691230058335,44273,22.09969646366019
293,109.35314685314822,0.049911691230058335,44398,29.260506622252926
294,851.722641509423,0.049911691230058335,44691,20.630062325360022
295,397.6751592356644,0.049911691230058335,44841,24.64659205699127
296,349.26102236421457,0.049911691230058335,45008,24.54911118243114
297,375.1545454545426,0.049911691230058335,45159,26.157388871510822
298,399.3433212996355,0.049911691230058335,45308,19.425979440276688
299,14.617263843647823,0.049911691230058335,45433,22.49386945847542
300,618.41578947367,0.049911691230058335,45751,23.160725704879038
301,620.7186813186746,0.049911691230058335,45953,22.62113294079529
302,627.5529801324445,0.049911691230058335,46168,23.471677673197238
303,801.4232209737766,0.049911691230058335,46368,19.33719509929868
304,511.0251655629096,0.049911691230058335,46552,22.798816863304932
305,347.4928792569635,0.049911691230058335,46694,19.83993719317389
306,561.7567474048409,0.049911691230058335,46863,23.903807044029236
307,368.2632653061202,0.049911691230058335,46996,23.885838573629204
308,574.8963099630946,0.049911691230058335,47183,26.082670504047023
309,493.70769230768275,0.049911691230058335,47445,27.848241480830985
310,320.8594936708835,0.049911691230058335,47578,25.354400143478856
311,337.07044673539275,0.049911691230058335,47703,23.716220824949204
312,508.31553398057406,0.049911691230058335,47918,24.98708641640494
313,928.5999999999942,0.049911691230058335,48156,21.48751268306362
314,304.33769968050944,0.049911691230058335,48313,23.589966382735813
315,374.2797468354372,0.049911691230058335,48500,26.094452140151812
316,398.1857142857113,0.049911691230058335,48637,25.287677617634046
317,558.5179401993291,0.049911691230058335,48824,23.584323047309795
318,911.6753424657364,0.049911691230058335,49107,23.141019185384113
319,908.7059701492389,0.049911691230058335,49374,22.69576388911197
320,689.1873417721421,0.049911691230058335,49640,24.99667141752423
321,319.4247422680383,0.049911691230058335,49778,22.794892206679297
322,481.43240418118035,0.049911691230058335,49927,24.255785052840775
323,376.63888888888687,0.049911691230058335,50000,27.491452554861706
324,280.35714285714045,0.049911691230058335,50000,23.733297801786854
325,850.2483870967598,0.049911691230058335,50000,24.120612581314578
326,252.23664596273335,0.049911691230058335,50000,24.616677058370488
327,320.99411764705684,0.049911691230058335,50000,23.384740000504713
328,374.576656151413,0.049911691230058335,50000,25.587266063190878
329,868.4857142857019,0.049911691230058335,50000,24.565264052533088
330,249.49838187702403,0.049911691230058335,50000,33.21178480442738
331,217.40196078431512,0.049911691230058335,50000,33.38270441178353
332,164.70588235294275,0.049911691230058335,50000,29.029181111243464
333,367.78225255972274,0.049911691230058335,50000,28.93169930262595
334,851.4145038167834,0.049911691230058335,50000,26.795645099749667
335,881.5715302490972,0.049911691230058335,50000,25.51989553697433
336,631.9789473684118,0.049911691230058335,50000,28.66866564519197
337,569.4868852458955,0.049911691230058335,50000,37.47108899071103
338,879.5904761904686,0.049911691230058335,50000,27.147907800763566
339,851.2018867924464,0.049911691230058335,50000,29.07335092127323
340,346.3213483145999,0.049911691230058335,50000,28.82023773797497
341,283.05749128919626,0.049911691230058335,50000,37.11502549725194
342,62.50000000000113,0.049911691230058335,50000,26.468510466237223
343,207.06996904025,0.049911691230058335,50000,34.89697617561586
344,901.6068965517079,0.049911691230058335,50000,31.584497492508532
345,532.4338658146879,0.049911691230058335,50000,29.299963834416513
346,314.11637630661806,0.049911691230058335,50000,37.823362228393556
347,96.25796178344085,0.049911691230058335,50000,29.78019969694076
348,329.9911660777366,0.049911691230058335,50000,28.511977264958045
349,763.565693430645,0.049911691230058335,50000,31.382488908189714
350,359.69740259740104,0.049911691230058335,50000,33.53440895886489
351,111.26033057851387,0.049911691230058335,50000,40.90362894919611
352,558.9884057970964,0.049911691230058335,50000,30.126351396802445
353,609.1679180887268,0.049911691230058335,50000,28.858777766853436
354,846.86417445481,0.049911691230058335,50000,32.045371001301284
355,872.6971731448612,0.049911691230058335,50000,32.30296015908532
356,401.61605351170255,0.049911691230058335,50000,29.795925620552545
357,775.8747126436716,0.049911691230058335,50000,36.17099375109519
358,327.4501628664462,0.049911691230058335,50000,34.398188956483395
359,904.1119402984953,0.049911691230058335,50000,33.38742105296401
360,256.9050847457615,0.049911691230058335,50000,30.659858404284847
361,873.8562091503045,0.049911691230058335,50000,31.953085011548108
362,830.566878980871,0.049911691230058335,50000,32.08915143491381
363,133.8286713286726,0.049911691230058335,50000,39.584244220487534
364,577.3976430976329,0.049911691230058335,50000,34.662169443357975
365,639.543283582079,0.049911691230058335,50000,32.654981090983405
366,377.9824175824151,0.049911691230058335,50000,35.88407853541484
367,487.77878787878484,0.049911691230058335,50000,40.5616206088698
368,339.0999999999929,0.049911691230058335,50000,32.69953562953685
369,581.5680250783624,0.049911691230058335,50000,33.878271474524844
370,934.9999999999861,0.049911691230058335,50000,34.452334452558446
371,902.2115107913503,0.049911691230058335,50000,42.46416112576151
372,897.5907216494676,0.049911691230058335,50000,31.691379961624644
373,731.0344827586056,0.049911691230058335,50000,33.460499703347146
374,435.65862068965043,0.049911691230058335,50000,33.388950525186
375,924.8999999999883,0.049911691230058335,50000,32.89954605102539
376,731.928571428562,0.049911691230058335,50000,35.792181220010065
377,925.8999999999849,0.049911691230058335,50000,41.61135406028934
378,513.5473684210455,0.049911691230058335,50000,42.26906809828798
379,454.6542372881313,0.049911691230058335,50000,41.6584551275073
380,305.8333333333307,0.049911691230058335,50000,40.03774915202971
381,713.9273356401321,0.049911691230058335,50000,40.68734750019977
382,485.95405405404637,0.049911691230058335,50000,45.9347535276835
383,313.9376996805095,0.049911691230058335,50000,46.7237507758602
384,891.6980198019708,0.049911691230058335,50000,41.004796216277036
385,229.2637681159438,0.049911691230058335,50000,37.91817875842114
386,96.05048859935003,0.049911691230058335,50000,42.80652355378674
387,468.8058823529383,0.049911691230058335,50000,45.892123128238474
388,274.22839506172687,0.049911691230058335,50000,40.620131446469216
389,-0.24768683274017717,0.049911691230058335,50000,34.81135598034926
390,572.5437308868424,0.049911691230058335,50000,39.57729907920458
391,163.59801324503465,0.049911691230058335,50000,44.92290730407272
392,549.4880866425932,0.049911691230058335,50000,41.1802296503789
393,408.83333333333064,0.049911691230058335,50000,41.752612352371216
394,284.86842105262895,0.049911691230058335,50000,43.44059705734253
395,308.52076124567236,0.049911691230058335,50000,46.98965686367404
396,609.9705035971145,0.049911691230058335,50000,55.90311487330947
397,349.33050847457343,0.049911691230058335,50000,45.3091973973744
398,361.8786885245879,0.049911691230058335,50000,45.16185649120025
399,856.2957597173021,0.049911691230058335,50000,45.187175259554294
400,375.26053511704686,0.049911691230058335,50000,47.78471292543017
401,485.36666666666093,0.049911691230058335,50000,39.363764089696545
402,214.62911392405218,0.049911691230058335,50000,37.81376367375471
403,854.0430604982097,0.049911691230058335,50000,41.55394680009169
404,387.45693430656775,0.049911691230058335,50000,34.06347813639607
405,834.4270758122691,0.049911691230058335,50000,41.32860803604126
406,661.6987730061269,0.049911691230058335,50000,50.66753185052666
407,297.956521739128,0.049911691230058335,50000,42.77435915599498
408,442.4619217081802,0.049911691230058335,50000,65.72056077946128
409,266.2574132492101,0.049911691230058335,50000,55.48959045176126
410,307.73167701863105,0.049911691230058335,50000,43.8444629615837
411,563.5134751772989,0.049911691230058335,50000,55.018627935381076
412,384.72676579925326,0.049911691230058335,50000,60.076030062390615
413,236.69354838709765,0.049911691230058335,50000,40.766750366457046
414,314.6595317725732,0.049911691230058335,50000,52.95978666185499
415,898.7608695652093,0.049911691230058335,50000,44.71323284235868
416,847.8530201342114,0.049911691230058335,50000,50.82311414766915
417,882.4321554770181,0.049911691230058335,50000,54.67085953792894
418,672.475155279488,0.049911691230058335,50000,47.48765696349897
419,147.68518518518675,0.049911691230058335,50000,56.89878279162991
420,903.4630824372641,0.049911691230058335,50000,42.83994545779385
421,358.32156862744813,0.049911691230058335,50000,50.94756855238352
422,913.1142857142722,0.049911691230058335,50000,46.37475579606052
423,839.33623188405,0.049911691230058335,50000,53.52204885254948
424,368.28421052631285,0.049911691230058335,50000,63.08735652708671
425,889.3194805194616,0.049911691230058335,50000,48.752427526039654
426,907.9480620154973,0.049911691230058335,50000,46.5033123425075
427,692.1722891566176,0.049911691230058335,50000,44.22970062588889
428,430.9044164037791,0.049911691230058335,50000,48.66855120396876
429,253.5077922077924,0.049911691230058335,50000,51.52646963298321
430,618.3686468646803,0.049911691230058335,50000,51.797427388419095
431,590.783623693373,0.049911691230058335,50000,61.608162859866496
432,836.5140845070273,0.049911691230058335,50000,48.889649314601925
433,886.9043795620308,0.049911691230058335,50000,51.85767124839451
434,376.2366013071864,0.049911691230058335,50000,55.82252575892099
435,689.9358974358883,0.049911691230058335,50000,51.60321164653249
436,212.50000000000153,0.049911691230058335,50000,53.80885703332962
437,927.7999999999861,0.049911691230058335,50000,56.84393800099691
438,703.2962962962811,0.049911691230058335,50000,59.77674164509696
439,881.1069498069361,0.049911691230058335,50000,52.44250868077864
440,461.9745762711816,0.049911691230058335,50000,48.42607773124398
441,862.6181818181682,0.049911691230058335,50000,60.870159257954064
442,850.2301369862844,0.049911691230058335,50000,49.77424152619248
443,317.76423357664027,0.049911691230058335,50000,56.188827912012734
444,783.1287822878113,0.049911691230058335,50000,56.3617232660704
445,877.4551839464702,0.049911691230058335,50000,56.06122927407961
446,635.720529801317,0.049911691230058335,50000,52.42708295136101
447,917.9999999999836,0.049911691230058335,50000,54.98761094620813
448,784.3328671328553,0.049911691230058335,50000,52.15917630975897
449,807.3322259136099,0.049911691230058335,50000,53.01916248358569
450,856.1407407407279,0.049911691230058335,50000,56.23661321931886
451,501.2071161048651,0.049911691230058335,50000,55.63696665113623
452,876.0726235741299,0.049911691230058335,50000,62.23926408474262
453,556.2298701298622,0.049911691230058335,50000,63.100349336300255
454,373.40728476820965,0.049911691230058335,50000,62.95917552264768
455,529.1788990825612,0.049911691230058335,50000,52.102339160274454
456,853.8202247190909,0.049911691230058335,50000,60.30142995585566
457,435.5518248175161,0.049911691230058335,50000,66.21475808137383
458,775.799361022351,0.049911691230058335,50000,57.44845707250866
459,71.27192982456283,0.049911691230058335,50000,50.47847366333008
460,407.44545454545187,0.049911691230058335,50000,62.06283471523187
461,861.1545454545308,0.049911691230058335,50000,51.59798915045602
462,831.0626506023998,0.049911691230058335,50000,59.328986768620716
463,847.3113268608271,0.049911691230058335,50000,51.18507166821571
464,885.4891156462512,0.049911691230058335,50000,55.86319664922254
465,505.3330275229314,0.049911691230058335,50000,62.26981161965264
466,621.7582554517033,0.049911691230058335,50000,69.44260911805935
467,309.90259740259586,0.049911691230058335,50000,62.224951036514774
468,251.72970297029687,0.049911691230058335,50000,63.76894817352295
469,298.2664233576622,0.049911691230058335,50000,55.339109451540054
470,352.2918918918898,0.049911691230058335,50000,57.43958002920369
471,345.76131386861044,0.049911691230058335,50000,66.58527327986324
472,504.29999999999325,0.049911691230058335,50000,62.51006891319789
473,79.74137931034585,0.049911691230058335,50000,61.399435258680775
474,197.5706948640499,0.049911691230058335,50000,63.17641976300408
475,146.34628975265198,0.049911691230058335,50000,69.26344485252908
476,118.65615615615769,0.049911691230058335,50000,51.694351980763095
477,310.2842105263134,0.049911691230058335,50000,56.877496734378845
478,309.2518518518506,0.049911691230058335,50000,61.73296844536531
479,504.1684931506784,0.049911691230058335,50000,55.898505890723506
480,460.1719298245552,0.049911691230058335,50000,68.07223252480074
481,204.6052631578959,0.049911691230058335,50000,60.84183459128103
482,877.8963696369559,0.049911691230058335,50000,59.95920638368841
483,310.43720930232394,0.049911691230058335,50000,57.67996197798121
484,137.58417508417648,0.049911691230058335,50000,68.66996568249118
485,898.5432835820743,0.049911691230058335,50000,56.07835452686657
486,886.7278688524472,0.049911691230058335,50000,59.1776424665543
487,896.5068965517086,0.049911691230058335,50000,53.73042216076947
488,341.67849829351275,0.049911691230058335,50000,72.0574332802159
489,863.01986754966,0.049911691230058335,50000,56.18327872300233
490,796.0294117646885,0.049911691230058335,50000,59.50904510013236
491,822.1999999999864,0.049911691230058335,50000,66.189862307035
492,671.11971326164,0.049911691230058335,50000,56.75265475130274
493,881.1729729729531,0.049911691230058335,50000,58.76501930111744
494,457.97852348992774,0.049911691230058335,50000,59.05760668241061
495,33.239549839227884,0.049911691230058335,50000,64.64310735271823
496,454.8722222222195,0.049911691230058335,50000,56.54481649694976
497,703.1746031745926,0.049911691230058335,50000,61.948778736698735
498,835.6913183279577,0.049911691230058335,50000,57.82555289168258
499,471.0727574750756,0.049911691230058335,50000,60.62827180698514
500,754.7854785478422,0.049911691230058335,50000,65.8579967659157
501,860.1226993864916,0.049911691230058335,50000,52.34641749866016
502,865.4919413919326,0.049911691230058335,50000,59.56331149358598
503,334.83698630136763,0.049911691230058335,50000,53.22372573852539
504,878.8915254237147,0.049911691230058335,50000,52.392377111998904
505,341.4537414965967,0.049911691230058335,50000,67.94170462917275
506,566.2578947368323,0.049911691230058335,50000,62.5310324852511
507,753.33333333332,0.049911691230058335,50000,69.56497391136558
508,236.84788732394532,0.049911691230058335,50000,63.10252323913574
509,341.16482084690375,0.049911691230058335,50000,60.04450029759974
510,161.17549668874307,0.049911691230058335,50000,72.13851268829838
511,72.79411764706012,0.049911691230058335,50000,58.636915468400524
512,680.9044673539426,0.049911691230058335,50000,67.58147825196733
513,284.1783216783192,0.049911691230058335,50000,60.340920786703784
514,378.7282685512333,0.049911691230058335,50000,64.5889731725057
515,428.05763239874835,0.049911691230058335,50000,63.61417202089654
516,666.4077441077312,0.049911691230058335,50000,73.09913587939832
517,418.2861198738109,0.049911691230058335,50000,61.10728363414387
518,258.91948881789085,0.049911691230058335,50000,67.25240465150263
519,350.0439024390217,0.049911691230058335,50000,70.58386120043303
520,362.68442367601017,0.049911691230058335,50000,62.737958022526335
521,267.46453900709014,0.049911691230058335,50000,60.556162126602665
522,314.5402985074597,0.049911691230058335,50000,58.732655397645985
523,349.0305084745736,0.049911691230058335,50000,73.7541818830702
524,11.45104895104858,0.049911691230058335,50000,59.49167694584016
525,317.1635179153082,0.049911691230058335,50000,70.05342784544237
526,865.8062499999894,0.049911691230058335,50000,53.09631148562488
527,288.2782918149456,0.049911691230058335,50000,62.10488959803726
528,367.98378378378123,0.049911691230058335,50000,77.00425487094455
529,150.22563176895446,0.049911691230058335,50000,63.23993075278498
530,254.64545454545384,0.049911691230058335,50000,66.01538517980865
531,127.1586345381543,0.049911691230058335,50000,78.39985815171272
532,837.3999999999838,0.049911691230058335,50000,76.76847948814995
533,310.29455252917955,0.049911691230058335,50000,61.01161137494174
534,457.58378378377995,0.049911691230058335,50000,71.78136358148025
535,598.1992395437163,0.049911691230058335,50000,61.682087141302134
536,863.8627118643955,0.049911691230058335,50000,75.57150317640865
537,867.6715654951961,0.049911691230058335,50000,64.66581003772434
538,830.3841269841092,0.049911691230058335,50000,65.62797132830754
539,430.8007490636661,0.049911691230058335,50000,68.11223573862395
540,899.5727272727131,0.049911691230058335,50000,61.74564680202987
541,881.9979238754241,0.049911691230058335,50000,72.52057778534046
542,553.2812499999942,0.049911691230058335,50000,72.89110170297288
543,257.3654205607468,0.049911691230058335,50000,81.44813881749693
544,159.52602230483424,0.049911691230058335,50000,75.48727387766684
545,857.6407407407266,0.049911691230058335,50000,58.66238684585129
546,679.9694214875983,0.049911691230058335,50000,72.28379913291546
547,341.8820598006617,0.049911691230058335,50000,81.18368617693584
548,299.6343283581997,0.049911691230058335,50000,71.25297778551696
549,892.2097560975552,0.049911691230058335,50000,74.7066361740608
550,323.49032258064335,0.049911691230058335,50000,72.40401760864258
551,137.798804780878,0.049911691230058335,50000,68.91040597423431
552,415.44871794871455,0.049911691230058335,50000,74.67737060853804
553,813.9754098360538,0.049911691230058335,50000,73.71532278296388
554,621.8976833976744,0.049911691230058335,50000,68.65917103898292
555,856.9153846153714,0.049911691230058335,50000,68.36564999218135
556,810.9564102563946,0.049911691230058335,50000,65.04334245161577
557,419.7363636363559,0.049911691230058335,50000,65.49152411154981
558,678.7377358490455,0.049911691230058335,50000,77.84029777789938
559,282.04213649851516,0.049911691230058335,50000,72.27485120731549
560,821.0630872483035,0.049911691230058335,50000,69.42542433665798
561,352.46138996138706,0.049911691230058335,50000,80.05028983085386
562,851.2018867924444,0.049911691230058335,50000,78.03791011869907
563,327.52641509433073,0.049911691230058335,50000,66.91625741490147
564,316.0352201257836,0.049911691230058335,50000,58.23678904653385
565,799.3710691823708,0.049911691230058335,50000,67.1044806345805
566,190.02808988764195,0.049911691230058335,50000,61.22595968554097
567,819.7435215946721,0.049911691230058335,50000,84.99702156586544
568,616.6646302250676,0.049911691230058335,50000,83.36750640869141
569,887.4403508771802,0.049911691230058335,50000,73.48781101327194
570,605.606825938553,0.049911691230058335,50000,69.27509872207928
571,216.95789473684331,0.049911691230058335,50000,94.97470769695207
572,906.2617021276488,0.049911691230058335,50000,73.49689285997032
573,775.0560283687832,0.049911691230058335,50000,70.88952259395434
574,480.9262996941846,0.049911691230058335,50000,85.0652874394467
575,818.9258064516005,0.049911691230058335,50000,85.52588701248169
576,-0.23043478260867373,0.049911691230058335,50000,69.28844621446397
577,897.2222222222131,0.049911691230058335,50000,88.35560490711626
578,612.3675159235514,0.049911691230058335,50000,73.33251510648167
579,294.03333333333205,0.049911691230058335,50000,65.72064079871545
580,324.7704467353935,0.049911691230058335,50000,64.55122833251953
581,460.2479452054747,0.049911691230058335,50000,88.46003371238709
582,828.906451612894,0.049911691230058335,50000,82.7909339407216
583,866.7728624535195,0.049911691230058335,50000,76.21494124798065
584,803.4849829351367,0.049911691230058335,50000,74.6062433768963
585,706.7157894736749,0.049911691230058335,50000,64.91048821948823
586,854.2634980988416,0.049911691230058335,50000,72.56703155598741
587,766.368965517225,0.049911691230058335,50000,73.36220686690612
588,380.9886792452784,0.049911691230058335,50000,64.88427490983273
589,832.274496644278,0.049911691230058335,50000,66.02304676862863
590,138.7711864406794,0.049911691230058335,50000,60.01720579208866
591,809.6774193548272,0.049911691230058335,50000,77.38838030268123
592,551.1613861386082,0.049911691230058335,50000,71.89361506242018
593,185.721235521238,0.049911691230058335,50000,80.57097378355084
594,817.0590405903965,0.049911691230058335,50000,69.60525521935064
595,901.0818181818047,0.049911691230058335,50000,74.59460496157408
596,415.88146718146334,0.049911691230058335,50000,81.52270790548886
597,343.47594936708583,0.049911691230058335,50000,80.08466122674604
598,859.3508710801267,0.049911691230058335,50000,74.15120931043693
599,699.9451612903146,0.049911691230058335,50000,70.01403188705444
600,875.8903345724792,0.049911691230058335,50000,81.62816339550596
601,303.65905292478936,0.049911691230058335,50000,75.01868402390252
602,268.9400593471789,0.049911691230058335,50000,58.22209728316756
603,257.80201342281697,0.049911691230058335,50000,82.1693071703757
604,355.2999999999966,0.049911691230058335,50000,69.35384428178942
605,354.53529411764333,0.049911691230058335,50000,78.72850469202777
606,219.66842105263248,0.049911691230058335,50000,77.53971135705933
607,289.960839160838,0.049911691230058335,50000,79.37194677949682
608,645.6421052631471,0.049911691230058335,50000,79.2888452385125
609,546.9397260273918,0.049911691230058335,50000,70.89011661426441
610,360.95624999999484,0.049911691230058335,50000,80.83919442065654
611,226.8926829268312,0.049911691230058335,50000,68.88857689739143
612,857.0900343642431,0.049911691230058335,50000,77.24099489242312
613,223.41671732523025,0.049911691230058335,50000,69.51782604364249
614,857.3770491803128,0.049911691230058335,50000,68.11821470174704
615,299.25618374558104,0.049911691230058335,50000,67.14094845453899
616,870.1322033898181,0.049911691230058335,50000,72.86460136279725
617,341.3731800766258,0.049911691230058335,50000,74.41281345190592
618,304.36229508196516,0.049911691230058335,50000,66.5300850723729
619,261.1577181208033,0.049911691230058335,50000,70.69828605651855
620,845.6286219081132,0.049911691230058335,50000,72.91025522629992
621,804.3478260869449,0.049911691230058335,50000,70.84093131675377
622,743.0034129692641,0.049911691230058335,50000,67.92924747524319
623,291.4104529616706,0.049911691230058335,50000,60.41082488489515
624,887.211969111955,0.049911691230058335,50000,67.86894463791566
625,818.4910891089015,0.049911691230058335,50000,64.54340502959509
626,237.26038338658304,0.049911691230058335,50000,88.98425537540066
627,189.77272727272856,0.049911691230058335,50000,71.58819850798577
628,849.8327759197151,0.049911691230058335,50000,69.31617074112992
629,867.7419580419429,0.049911691230058335,50000,75.59768529891967
630,485.31290322580236,0.049911691230058335,50000,76.64048527804287
631,607.6003610108226,0.049911691230058335,50000,71.67591052136179
632,405.0744336569533,0.049911691230058335,50000,73.67225005191827
633,813.6847682119096,0.049911691230058335,50000,73.03250031302596
634,393.6023255813889,0.049911691230058335,50000,70.10310714616688
635,852.7470588235144,0.049911691230058335,50000,72.12784376033085
636,432.07323943661726,0.049911691230058335,50000,94.2220692296182
637,732.1678321678206,0.049911691230058335,50000,81.87059451724674
638,790.855102040805,0.049911691230058335,50000,80.08632261856742
639,928.6999999999925,0.049911691230058335,50000,72.65117009480794
640,905.0912621359079,0.049911691230058335,50000,81.82111730676658
641,827.8185430463475,0.049911691230058335,50000,73.2839861076689
642,457.6279069767388,0.049911691230058335,50000,83.99675389508295
643,400.76666666666296,0.049911691230058335,50000,88.7825722945364
644,834.5919191919036,0.049911691230058335,50000,87.45749491219843
645,792.6510204081551,0.049911691230058335,50000,85.62486410479174
646,839.0807017543735,0.049911691230058335,50000,80.54786853240842
647,909.4470383275147,0.049911691230058335,50000,67.64834943929112
648,417.91621621621186,0.049911691230058335,50000,72.94575308561325
649,531.8702290076246,0.049911691230058335,50000,72.8133939107259
650,616.8584415584326,0.049911691230058335,50000,80.73065672382232
651,551.1863013698573,0.049911691230058335,50000,75.92759703920599
652,387.5049689440935,0.049911691230058335,50000,85.24682065212366
653,880.3468164793904,0.049911691230058335,50000,71.26465430626503
654,879.0118644067666,0.049911691230058335,50000,69.53264605570183
655,815.3270270270101,0.049911691230058335,50000,69.43002780940797
656,735.0147651006554,0.049911691230058335,50000,65.52210587539909
657,225.99206349206455,0.049911691230058335,50000,94.82922678609049
658,839.5979094076506,0.049911691230058335,50000,78.8184031830809
659,583.7496503496441,0.049911691230058335,50000,74.68433682195742
660,840.4063241106613,0.049911691230058335,50000,68.9163552200367
661,785.1963746223353,0.049911691230058335,50000,73.88611597628207
662,252.5000000000001,0.049911691230058335,50000,63.8189975676998
663,783.6363636363532,0.049911691230058335,50000,62.99328897378824
664,447.4096885813119,0.049911691230058335,50000,72.7838626181244
665,576.8382252559624,0.049911691230058335,50000,69.76182149842728
666,738.0952380952233,0.049911691230058335,50000,73.08545544483998
667,408.52589928057023,0.049911691230058335,50000,65.24971779998468
668,73.20110701107153,0.049911691230058335,50000,71.90576737926853
669,842.237931034468,0.049911691230058335,50000,69.02871347876156
670,842.5978339350094,0.049911691230058335,50000,68.43356173619786
671,873.0575757575621,0.049911691230058335,50000,72.74118141795314
672,282.1611111111076,0.049911691230058335,50000,62.40946267526361
673,556.9290969899596,0.049911691230058335,50000,64.41802704043505
674,390.56984126983826,0.049911691230058335,50000,77.28368839763459
675,897.9393501804999,0.049911691230058335,50000,70.13131064511417
676,318.20469798657473,0.049911691230058335,50000,51.84812244292228
677,867.6055555555373,0.049911691230058335,50000,62.16210485342592
678,434.5606060606032,0.049911691230058335,50000,58.90301044265945
679,855.5665505226352,0.049911691230058335,50000,72.68322134523426
680,652.8666666666587,0.049911691230058335,50000,75.48088339980768
681,104.95340501792292,0.049911691230058335,50000,54.288693434900516
682,602.0985074626769,0.049911691230058335,50000,58.208974154736
683,874.0172413792931,0.049911691230058335,50000,67.86398888261695
684,823.4686274509647,0.049911691230058335,50000,71.72114258163546
685,775.9966101694771,0.049911691230058335,50000,76.63848264100122
686,879.5195571955637,0.049911691230058335,50000,83.66350486061789
687,719.4496732026016,0.049911691230058335,50000,71.44448849319909
688,815.7823293172588,0.049911691230058335,50000,60.24350966687472
689,669.2307692307575,0.049911691230058335,50000,57.708897123823654
690,881.2681159420205,0.049911691230058335,50000,67.81672172824831
691,882.0923076922937,0.049911691230058335,50000,64.64778448006071
692,460.8514851485105,0.049911691230058335,50000,74.5725754359581
693,821.5655601659672,0.049911691230058335,50000,66.94396072818387
694,879.0666666666573,0.049911691230058335,50000,63.18717793992295
695,794.6967741935387,0.049911691230058335,50000,84.99213949942822
696,786.8672131147408,0.049911691230058335,50000,67.0134392207182
697,271.80322580644946,0.049911691230058335,50000,66.09845959438996
698,866.8196078431213,0.049911691230058335,50000,77.57740177252354
699,901.303448275846,0.049911691230058335,50000,57.56581299578557
700,799.2707903779894,0.049911691230058335,50000,67.61480249155063
701,743.9636363636188,0.049911691230058335,50000,74.44903295436201
702,589.7792387543193,0.049911691230058335,50000,77.89611845061253
703,130.88487972508727,0.049911691230058335,50000,72.89022844068465
704,593.0693069306824,0.049911691230058335,50000,79.17856973069566
705,798.0109215016865,0.049911691230058335,50000,72.00841021465752
706,94.90418118467042,0.049911691230058335,50000,66.38771443213186
707,866.136654804258,0.049911691230058335,50000,80.69373124243877
708,886.4219269102903,0.049911691230058335,50000,75.22261371414554
709,846.5241134751652,0.049911691230058335,50000,80.58944129943848
710,848.1977099236556,0.049911691230058335,50000,63.13308341952338
711,374.05483870967566,0.049911691230058335,50000,78.3450329208374
712,883.4274509803749,0.049911691230058335,50000,69.51229063782169
713,836.7057324840563,0.049911691230058335,50000,83.01530895060283
714,872.8206896551562,0.049911691230058335,50000,72.10476208067777
715,416.91183800622156,0.049911691230058335,50000,76.28791361999512
716,426.01886792452177,0.049911691230058335,50000,78.76476120318054
717,790.8059602648923,0.049911691230058335,50000,72.64090974253993
718,780.8641693810899,0.049911691230058335,50000,79.21121417774873
719,475.24132492112614,0.049911691230058335,50000,63.08077325576391
720,701.14671280276,0.049911691230058335,50000,66.2348045838946
721,834.6214046822554,0.049911691230058335,50000,75.10330369667929
722,792.3529411764539,0.049911691230058335,50000,80.03585481803154
723,820.8774193548293,0.049911691230058335,50000,55.76598430568889
724,926.1999999999874,0.049911691230058335,50000,65.64342768143635
725,814.8990033222484,0.049911691230058335,50000,54.812696059795584
726,921.2999999999842,0.049911691230058335,50000,62.505154325761865
727,843.2363636363497,0.049911691230058335,50000,66.77914261550046
728,797.1962616822246,0.049911691230058335,50000,55.757760795387064
729,819.699003322249,0.049911691230058335,50000,69.48377092811356
730,911.7518072289068,0.049911691230058335,50000,60.449260824753836
731,880.7036496350205,0.049911691230058335,50000,71.84873911077327
732,855.9523297490899,0.049911691230058335,50000,77.1190517478519
733,884.3704918032653,0.049911691230058335,50000,61.23715172713052
734,506.2243243243157,0.049911691230058335,50000,65.62180896353932
735,882.9857142857002,0.049911691230058335,50000,65.56317975785997
736,847.5135593220216,0.049911691230058335,50000,85.5231600302237
737,312.4196721311455,0.049911691230058335,50000,89.34321229288898
738,892.7797833934924,0.049911691230058335,50000,68.83590168423123
739,835.2750809061325,0.049911691230058335,50000,60.1704624336403
740,902.0597402597227,0.049911691230058335,50000,57.049908777959516
741,899.515335463247,0.049911691230058335,50000,64.83131865318248
742,934.4999999999957,0.049911691230058335,50000,69.5492763431794
743,879.4254355400552,0.049911691230058335,50000,67.55587759884921
744,698.6817337461215,0.049911691230058335,50000,98.43972891675196
745,447.99388379204,0.049911691230058335,50000,94.33312661307198
746,466.21645569619676,0.049911691230058335,50000,79.66337927993463
747,902.1398523985146,0.049911691230058335,50000,63.24372788443082
748,876.7377162629675,0.049911691230058335,50000,74.20603412452941
749,876.9285714285539,0.049911691230058335,50000,70.38876979366229
750,846.7618257261349,0.049911691230058335,50000,79.35844639920995
751,831.2641221373918,0.049911691230058335,50000,58.959808032753415
752,810.0741935483773,0.049911691230058335,50000,74.8488725092676
753,809.5944055943902,0.049911691230058335,50000,78.02634887934478
754,258.39730639730624,0.049911691230058335,50000,47.461467035161625
755,156.94444444444622,0.049911691230058335,50000,67.36098051071167
756,840.6473282442654,0.049911691230058335,50000,58.185611978683184
757,779.5522336769595,0.049911691230058335,50000,57.63813292595648
758,858.2628975264871,0.049911691230058335,50000,58.306186022269856
759,706.4547770700497,0.049911691230058335,50000,85.5794873529551
760,524.8272445820364,0.049911691230058335,50000,56.212660430313704
761,832.8352112675891,0.049911691230058335,50000,62.53942335372003
762,339.6382838283802,0.049911691230058335,50000,58.85685938054865
763,832.7999999999877,0.049911691230058335,50000,76.75168774666801
764,838.1716475095707,0.049911691230058335,50000,62.432944031570486
765,856.0087248321984,0.049911691230058335,50000,60.15076679865519
766,838.506849315051,0.049911691230058335,50000,85.91345713593813
767,447.1999999999958,0.049911691230058335,50000,70.15905799865723
768,560.593238434157,0.049911691230058335,50000,49.88969627048658
769,786.7307692307551,0.049911691230058335,50000,58.96838959464191
770,558.824999999994,0.049911691230058335,50000,83.23169280757075
771,920.2999999999846,0.049911691230058335,50000,79.7613326306613
772,565.2795031055757,0.049911691230058335,50000,61.09433801198085
773,823.11428571427,0.049911691230058335,50000,71.97394473937779
774,887.0427509293572,0.049911691230058335,50000,51.26544529741461
775,865.7611111110933,0.049911691230058335,50000,67.84158495954566
776,807.724999999986,0.049911691230058335,50000,61.21151762881114
777,907.03202614377,0.049911691230058335,50000,85.15162700294648
778,894.8589743589655,0.049911691230058335,50000,81.5250218853806
779,272.02380952380713,0.049911691230058335,50000,87.32481893416374
780,374.24866920151806,0.049911691230058335,50000,74.17055442637967
781,853.7366548042605,0.049911691230058335,50000,55.919750812175394
782,863.2333333333179,0.049911691230058335,50000,74.10238556318646
783,933.1999999999854,0.049911691230058335,50000,59.51285469209826
784,845.2554744525394,0.049911691230058335,50000,66.99270443730168
785,845.9793103448121,0.049911691230058335,50000,60.764390632557195
786,727.2089700996595,0.049911691230058335,50000,63.24492871133905
787,319.64329896906526,0.049911691230058335,50000,55.93269368613638
788,840.1408450704035,0.049911691230058335,50000,75.25337440903122
789,819.9719298245458,0.049911691230058335,50000,66.24569905814478
790,919.3999999999933,0.049911691230058335,50000,88.26703240266487
791,828.4292682926689,0.049911691230058335,50000,67.65050720366499
792,833.5259259259086,0.049911691230058335,50000,76.97353435106308
793,878.2959595959446,0.049911691230058335,50000,78.62708196286802
794,91.66666666666796,0.049911691230058335,50000,54.58624412167457
795,849.8049180327743,0.049911691230058335,50000,74.35497127820368
796,275.86459627328986,0.049911691230058335,50000,70.17793739318847
797,874.5456591639726,0.049911691230058335,50000,64.77989429966095
798,900.4771812080373,0.049911691230058335,50000,84.647785176764
799,873.8035087719143,0.049911691230058335,50000,100.4081636867982
800,650.7543554006866,0.049911691230058335,50000,84.21812253120618
801,899.8388888888713,0.049911691230058335,50000,80.00512828480113
802,592.6657980455949,0.049911691230058335,50000,72.36475096482496
803,309.3353135313514,0.049911691230058335,50000,69.12546495898016
804,879.0118644067661,0.049911691230058335,50000,63.99464402781974
805,681.0773700305712,0.049911691230058335,50000,72.5875029652207
806,792.6709677419251,0.049911691230058335,50000,63.02354084933945
807,610.1249999999892,0.049911691230058335,50000,67.94420077191202
808,446.28249158248684,0.049911691230058335,50000,53.803267339070636
809,846.0317460317273,0.049911691230058335,50000,68.56203937816906
810,850.9489208632933,0.049911691230058335,50000,81.8028123509394
811,870.9836734693785,0.049911691230058335,50000,70.8810561313564
812,884.5903345724805,0.049911691230058335,50000,87.91982761951203
813,882.8551839464707,0.049911691230058335,50000,61.6864506632304
814,317.4833333333292,0.049911691230058335,50000,76.2887730109386
815,904.2695035460893,0.049911691230058335,50000,62.87885632754293
816,707.833333333322,0.049911691230058335,50000,73.22073730280701
817,861.1192170818392,0.049911691230058335,50000,68.70940265521197
818,340.28888888888685,0.049911691230058335,50000,67.43567992737574
819,724.9355871886041,0.049911691230058335,50000,84.26178022667214
820,897.5979797979651,0.049911691230058335,50000,81.43664813478351
821,927.7999999999861,0.049911691230058335,50000,63.49191296895345
822,511.7233438485724,0.049911691230058335,50000,58.098347699770365
823,870.1322033898169,0.049911691230058335,50000,64.39451847411038
824,279.5492163009388,0.049911691230058335,50000,57.41430345693029
825,857.4940594059317,0.049911691230058335,50000,66.98107441266377
826,915.1178988326765,0.049911691230058335,50000,77.87409653887153
827,725.04308681671,0.049911691230058335,50000,54.544958623756926
828,879.9555555555428,0.049911691230058335,50000,75.92373704340353
829,862.5489510489364,0.049911691230058335,50000,71.66752921318522
830,786.0877887788664,0.049911691230058335,50000,96.44631724748456
831,662.0597484276615,0.049911691230058335,50000,75.44629357968059
832,261.690909090906,0.049911691230058335,50000,81.28278188037265
833,928.4999999999934,0.049911691230058335,50000,67.90949671609062
834,873.6643410852633,0.049911691230058335,50000,72.72570561333526
835,767.5999999999924,0.049911691230058335,50000,52.04416209168077
836,839.8877256317611,0.049911691230058335,50000,66.47506101472037
837,498.847266881018,0.049911691230058335,50000,67.00088409517632
838,751.9671232876585,0.049911691230058335,50000,111.03357699525122
839,897.7315789473528,0.049911691230058335,50000,75.4135037276178
840,348.61912225704964,0.049911691230058335,50000,73.28592466726536
841,875.7521126760366,0.049911691230058335,50000,73.54616203192857
842,511.32033898304053,0.049911691230058335,50000,85.01830288943123
843,901.4909090908944,0.049911691230058335,50000,114.22717823277634
844,903.774626865657,0.049911691230058335,50000,70.12131510134097
845,914.8792452830115,0.049911691230058335,50000,66.49589637444944
846,758.0051779935111,0.049911691230058335,50000,61.089161492546516
847,844.2999999999854,0.049911691230058335,50000,72.38072152991793
848,126.78571428571578,0.049911691230058335,50000,83.94798731803894
849,871.9152671755618,0.049911691230058335,50000,66.96366958684854
850,834.8621993126989,0.049911691230058335,50000,63.76243910756145
851,338.9784982935107,0.049911691230058335,50000,85.54803079582122
852,842.0687499999894,0.049911691230058335,50000,51.6863011140672
853,339.8053872053842,0.049911691230058335,50000,55.79372341617657
854,408.32447552446877,0.049911691230058335,50000,70.21901143933626
855,901.2111111110927,0.049911691230058335,50000,66.04735252705026
856,840.5325581395272,0.049911691230058335,50000,68.78675462095529
857,637.0207207207088,0.049911691230058335,50000,65.6035448664384
858,884.5466165413387,0.049911691230058335,50000,78.58035772990405
859,871.8366548042594,0.049911691230058335,50000,54.92622897204231
860,818.1851132685924,0.049911691230058335,50000,51.32898923036682
861,742.8886792452666,0.049911691230058335,50000,77.15704344387711
862,852.1310344827435,0.049911691230058335,50000,84.50842383200663
863,625.4705426356553,0.049911691230058335,50000,47.685811458749974
864,905.6627177700229,0.049911691230058335,50000,74.88123090794024
865,856.7254071661054,0.049911691230058335,50000,56.0177626087241
866,649.8317880794642,0.049911691230058335,50000,61.98416560036795
867,887.9608695652087,0.049911691230058335,50000,50.29816519419352
868,929.9999999999872,0.049911691230058335,50000,61.13252721630964
869,372.3659863945557,0.049911691230058335,50000,48.53398726848846
870,618.8637583892527,0.049911691230058335,50000,94.02216290115217
871,934.9999999999947,0.049911691230058335,50000,52.14019256167941
872,863.8464788732206,0.049911691230058335,50000,67.40357741942772
873,860.7552147239156,0.049911691230058335,50000,71.86974847316742
874,744.6548387096702,0.049911691230058335,50000,61.91549887964803
875,288.94402515723095,0.049911691230058335,50000,53.10106967744373
876,874.0428571428424,0.049911691230058335,50000,85.03336490409961
877,894.9450171821139,0.049911691230058335,50000,66.537424590951
878,849.7524475524292,0.049911691230058335,50000,63.62742427825928
879,888.3191335739997,0.049911691230058335,50000,70.24999079617587
880,828.1734265734098,0.049911691230058335,50000,90.1539780473855
881,889.8097560975481,0.049911691230058335,50000,52.84810155901992
882,820.5298013244917,0.049911691230058335,50000,51.16463505971181
883,857.7839228295654,0.049911691230058335,50000,79.24561533027389
884,857.1947194719374,0.049911691230058335,50000,78.46095172537609
885,294.64285714285427,0.049911691230058335,50000,64.26904358402375
886,884.6921348314507,0.049911691230058335,50000,76.86477183943745
887,700.7975155279383,0.049911691230058335,50000,76.55337003882663
888,849.2680781758766,0.049911691230058335,50000,71.78109474431456
889,786.688118811871,0.049911691230058335,50000,78.28651942113403
890,868.5728624535215,0.049911691230058335,50000,58.11047247872836
891,410.0916398713788,0.049911691230058335,50000,69.33546769773805
892,839.6999999999822,0.049911691230058335,50000,59.45424253023588
893,373.6974921630054,0.049911691230058335,50000,42.85497406633889
894,850.3807560137276,0.049911691230058335,50000,71.84691767173238
895,924.3663755458402,0.049911691230058335,50000,84.61988257502651
896,858.7087248321983,0.049911691230058335,50000,88.58150807279083
897,825.5449477351771,0.049911691230058335,50000,98.71306964580829
898,856.5408805031259,0.049911691230058335,50000,62.27621012786559
899,870.6859649122647,0.049911691230058335,50000,59.820983032528446
900,849.8421052631425,0.049911691230058335,50000,78.2972412703359
901,859.5870967741837,0.049911691230058335,50000,64.41770657361565
902,864.7613418530217,0.049911691230058335,50000,73.65439529892821
903,896.1393501804995,0.049911691230058335,50000,66.01079023452033
904,887.1571428571287,0.049911691230058335,50000,87.39148965522425
905,836.1333333333159,0.049911691230058335,50000,93.18381589411213
906,882.4581314878799,0.049911691230058335,50000,64.04869840867843
907,819.62390572389,0.049911691230058335,50000,89.05736821848195
908,850.2301369862814,0.049911691230058335,50000,77.7749943951948
909,297.92499999999666,0.049911691230058335,50000,51.00042069023424
910,472.28396946564595,0.049911691230058335,50000,92.54888054017098
911,904.1796812748937,0.049911691230058335,50000,83.36974650337582
912,895.7244755244616,0.049911691230058335,50000,68.80983232822058
913,852.8665505226357,0.049911691230058335,50000,74.50690370716461
914,252.4022801302924,0.049911691230058335,50000,76.52632744081559
915,572.9463414634075,0.049911691230058335,50000,64.50204876491001
916,480.07777777777363,0.049911691230058335,50000,87.48391404936585
917,876.3970297029603,0.049911691230058335,50000,89.33345561761122
918,813.6111111110929,0.049911691230058335,50000,90.88504169311052
919,853.8293286218934,0.049911691230058335,50000,58.70503039460082
920,866.795709570947,0.049911691230058335,50000,51.44252590815226
921,590.6537091988063,0.049911691230058335,50000,61.89967942870824
922,901.8398523985163,0.049911691230058335,50000,97.59443567461916
923,642.0716171617095,0.049911691230058335,50000,64.53734946832424
924,785.7877887788696,0.049911691230058335,50000,71.155669050279
925,892.5029197080145,0.049911691230058335,50000,69.85550241103539
926,880.8363636363489,0.049911691230058335,50000,79.66461374456232
927,841.1325581395253,0.049911691230058335,50000,62.347949685277165
928,881.3419354838578,0.049911691230058335,50000,78.0952880141627
929,906.1705882352779,0.049911691230058335,50000,67.42748670404607
930,932.2999999999929,0.049911691230058335,50000,54.19879018995497
931,790.9927335640044,0.049911691230058335,50000,72.05118316493622
932,889.4543624160913,0.049911691230058335,50000,71.42963573400922
933,270.1923076923064,0.049911691230058335,50000,82.27155558524593
934,910.9315412186254,0.049911691230058335,50000,82.9219051809872
935,819.72126245846,0.049911691230058335,50000,59.00612565187308
936,820.5837837837679,0.049911691230058335,50000,60.19034517828515
937,465.2843971631161,0.049911691230058335,50000,69.49140275554892
938,890.4969696969558,0.049911691230058335,50000,57.98382399743954
939,292.1036789297646,0.049911691230058335,50000,98.15772580730822
940,880.6016949152406,0.049911691230058335,50000,96.44885390241382
941,831.5350515463746,0.049911691230058335,50000,54.10885641872883
942,876.134532374085,0.049911691230058335,50000,63.64693973669365
943,419.1639575971711,0.049911691230058335,50000,84.3177793760945
944,816.2233449477214,0.049911691230058335,50000,54.216526172305116
945,607.9356643356587,0.049911691230058335,50000,54.99693250911121
946,891.5851063829687,0.049911691230058335,50000,68.93827770638653
947,842.6281588447569,0.049911691230058335,50000,56.32238699276245
948,916.3999999999811,0.049911691230058335,50000,56.04902280834939
949,903.3849816849726,0.049911691230058335,50000,72.04465287281917
950,920.7999999999862,0.049911691230058335,50000,49.80405392302306
951,668.1380116958961,0.049911691230058335,50000,69.07488905445913
952,811.9496855345716,0.049911691230058335,50000,75.48089020245068
953,385.1580645161256,0.049911691230058335,50000,58.171675877693374
954,855.6764705882167,0.049911691230058335,50000,84.91196765362376
955,902.202189781007,0.049911691230058335,50000,51.711367308147366
956,873.6048632218719,0.049911691230058335,50000,79.73536784970274
957,933.7999999999929,0.049911691230058335,50000,62.89388530904596
958,832.7217125382078,0.049911691230058335,50000,69.2801514960624
959,919.3999999999832,0.049911691230058335,50000,71.0303853341003
960,864.9207885304533,0.049911691230058335,50000,75.50022095484091
961,519.2658703071606,0.049911691230058335,50000,83.03199942339035
962,210.17801857585303,0.049911691230058335,50000,68.70275370536312
963,925.3999999999859,0.049911691230058335,50000,72.69054263253366
964,866.2524475524333,0.049911691230058335,50000,92.63202748475251
965,852.1627118643913,0.049911691230058335,50000,65.52575324815953
966,918.9999999999928,0.049911691230058335,50000,78.4970429679275
967,851.7282674771913,0.049911691230058335,50000,56.8282711528172
968,819.3545150501502,0.049911691230058335,50000,64.15219515170193
969,353.13939393939097,0.049911691230058335,50000,60.706572144119825
970,241.13777089783454,0.049911691230058335,50000,113.76583126283461
971,932.9999999999862,0.049911691230058335,50000,96.94749601218733
972,927.499999999996,0.049911691230058335,50000,108.42620448353874
973,860.2379182156018,0.049911691230058335,50000,71.61080999271844
974,769.1450980391969,0.049911691230058335,50000,91.93974059494361
975,909.3072463768035,0.049911691230058335,50000,90.68975892274275
976,864.7771929824407,0.049911691230058335,50000,69.83544523399193
977,851.7241379310193,0.049911691230058335,50000,67.51228984912953
978,876.3823529411609,0.049911691230058335,50000,85.56765479391271
979,898.5024390243708,0.049911691230058335,50000,70.4961615210452
980,896.5273972602581,0.049911691230058335,50000,71.4247751380458
981,898.9946236559022,0.049911691230058335,50000,86.06484554753159
982,840.2968871595253,0.049911691230058335,50000,76.64366578668114
983,864.9555555555385,0.049911691230058335,50000,96.49686654619997
984,880.2962457337696,0.049911691230058335,50000,105.91992361460136
985,844.7780141843865,0.049911691230058335,50000,56.955930025236945
986,874.2312499999881,0.049911691230058335,50000,62.19955738067627
987,914.5480620154975,0.049911691230058335,50000,63.403807163238525
988,850.2076923076786,0.049911691230058335,50000,43.43618096868976
989,865.8857142857012,0.049911691230058335,50000,76.54427022963124
990,862.5171821305682,0.049911691230058335,50000,76.11685572575479
991,884.531468531454,0.049911691230058335,50000,63.26315390337325
992,902.9517241379144,0.049911691230058335,50000,73.43353271177727
993,846.540880503124,0.049911691230058335,50000,89.00247466456783
994,310.53498349834797,0.049911691230058335,50000,70.4815023128803
995,894.2584905660284,0.049911691230058335,50000,92.87848287388898
996,894.2732394366031,0.049911691230058335,50000,67.27175254075128
997,924.499999999986,0.049911691230058335,50000,40.18466210840233
998,817.6829268292497,0.049911691230058335,50000,63.353196688242505
999,856.9300353356739,0.049911691230058335,50000,83.53725786914396
1000,905.4624060150223,0.049911691230058335,50000,57.11455982020407
